date,M0_YoY,M1_YoY,M2_YoY,CPI_YoY,PPI_YoY,PMI,M1_M2_scissors,M1_YoY_roll_mean,M1_YoY_roll_std,M2_YoY_roll_mean,M2_YoY_roll_std,M1_M2_scissors_roll_mean,M1_M2_scissors_roll_std,PPI_YoY_roll_mean,PPI_YoY_roll_std,CPI_YoY_roll_mean,CPI_YoY_roll_std
2006-01-31,,,,,3.05,,,,,,,,,,,,
2006-02-28,,,,,3.01,,,,,,,,,,,,
2006-03-31,,,,,2.49,,,,,,,,,,,,
2006-04-30,,,,,1.87,,,,,,,,,,,,
2006-05-31,,,,,2.43,,,,,,,,,,,,
2006-06-30,,,,,3.52,,,,,,,,,,,,
2006-07-31,,,,,3.58,,,,,,,,,,,,
2006-08-31,,,,,3.4,,,,,,,,,,,,
2006-09-30,,,,,3.45,,,,,,,,,,,,
2006-10-31,,,,,2.9,,,,,,,,,,,,
2006-11-30,,,,,2.78,,,,,,,,,,,,
2006-12-31,,,,,3.05,,,,,,,,,,,,
2007-01-31,,,,,3.3,,,,,,,,,2.9608333333333334,0.5113521884240457,,
2007-02-28,,,,,2.6,,,,,,,,,2.986923076923077,0.49853760499058014,,
2007-03-31,,,,,2.65,,,,,,,,,2.959285714285714,0.49001513768947513,,
2007-04-30,,,,,2.87,,,,,,,,,2.9386666666666668,0.47889555477259593,,
2007-05-31,,,,,2.76,,,,,,,,,2.934375,0.462975431313585,,
2007-06-30,,,,,2.49,,,,,,,,,2.9241176470588237,0.450264628073445,,
2007-07-31,,,,,2.39,,,,,,,,,2.9000000000000004,0.4486450188525183,,
2007-08-31,,,,,2.56,,,,,,,,,2.8731578947368424,0.45143047491746785,,
2007-09-30,,,,,2.71,,,,,,,,,2.8575,0.44493494497865405,,
2007-10-31,,,,,3.21,,,,,,,,,2.8504761904761904,0.43486177333120685,,
2007-11-30,,,,,4.55,,,,,,,,,2.8668181818181817,0.43124831388088725,,
2007-12-31,,,,,5.43,,,,,,,,,2.9400000000000004,0.5483611948342079,,
2008-01-31,31.21,20.54,18.88,7.0781,6.07,53.0,1.6600000000000001,,,,,,,3.0437499999999997,0.7388934882352949,,
2008-02-29,5.96,18.95,17.39,8.7443,6.62,53.4,1.5599999999999987,,,,,,,3.1648,0.9431556958777627,,
2008-03-31,11.12,17.97,16.19,8.3097,7.95,58.4,1.7799999999999976,,,,,,,3.2976923076923077,1.1459190466775835,,
2008-04-30,10.7,19.05,16.94,8.4829,8.12,59.2,2.1099999999999994,,,,,,,3.4699999999999998,1.4367511427362243,,
2008-05-31,12.88,17.93,18.07,7.7163,8.22,53.3,-0.14000000000000057,,,,,,,3.636071428571429,1.6613344464186441,,
2008-06-30,12.28,14.19,17.37,7.0844,8.84,52.0,-3.1800000000000015,,,,,,,3.794137931034483,1.8401155189695864,,
2008-07-31,12.3,13.96,16.35,6.302,10.03,48.4,-2.3900000000000006,,,,,,,3.9623333333333335,2.02927485491286,,
2008-08-31,10.89,11.48,16.0,4.9001,10.06,48.4,-4.52,,,,,,,4.158064516129032,2.273394553459413,,
2008-09-30,9.28,9.43,15.29,4.6425,9.13,51.2,-5.859999999999999,,,,,,,4.3425,2.467818678966926,,
2008-10-31,10.59,8.85,15.02,3.9744,6.59,44.6,-6.17,,,,,,,4.487575757575757,2.567949121262713,,
2008-11-30,9.04,6.8,14.8,2.434,1.99,38.8,-8.0,,,,,,,4.549411764705883,2.5543177244487723,,
2008-12-31,12.65,9.06,17.82,1.1999,-1.14,41.2,-8.76,,,,,,,4.476285714285714,2.5533900023697282,,
2009-01-31,12.02,6.68,18.79,0.95,-3.35,45.3,-12.11,14.0175,4.8054687123583,16.676666666666666,1.2846246946328734,-2.659166666666667,4.015609222053663,4.320277777777778,2.685089502217875,5.905716666666667,2.471879798428473
2009-02-28,8.28,10.87,20.48,-1.5582,-4.47,49.0,-9.610000000000001,13.453076923076923,5.030865373895072,16.83923076923077,1.3624577151754187,-3.3861538461538463,4.6531701352617985,4.1425,2.968508403703305,5.524507692307693,2.7368176642655424
2009-03-31,10.88,17.04,25.51,-1.1714,-5.99,52.4,-8.470000000000002,13.268571428571429,4.882551125641746,17.099285714285717,1.631042442902528,-3.8307142857142864,4.770045096199848,3.9347222222222222,3.2939767421428128,5.0186,3.2399383075798034
2009-04-30,11.26,17.48,25.95,-1.5,-6.6,53.5,-8.469999999999999,13.520000000000001,4.8046584537449535,17.66,2.680724848671663,-4.140000000000001,4.75004812005701,3.6991666666666663,3.6807424522778014,4.605933333333334,3.507393175374935
2009-05-31,11.24,18.69,25.74,-1.3713,-7.2,53.1,-7.049999999999997,13.7675,4.7461415908082625,18.178125,3.316995063306545,-4.4106250000000005,4.714930142642624,3.4638888888888895,4.0528982770906605,4.2243125,3.7164280962370313
2009-06-30,11.46,24.79,28.46,-1.7,-7.8,53.2,-3.6700000000000017,14.057058823529411,4.747983472888624,18.62294117647059,3.698438462219361,-4.565882352941177,4.609873993429117,3.196388888888889,4.423905935952836,3.8951588235294112,3.845830776155333
2009-07-31,11.59,26.37,28.42,-1.8057,-8.22,53.3,-2.0500000000000007,14.653333333333332,5.255192390276832,19.169444444444444,4.271980491559087,-4.516111111111112,4.4772170175480905,2.8819444444444446,4.787601140711252,3.584316666666667,3.9572214016239466
2009-08-31,11.52,27.72,28.53,-1.2043,-7.86,54.0,-0.8100000000000023,15.27,5.771312194331931,19.656315789473684,4.662592519816408,-4.386315789473684,4.387701512341456,2.5541666666666663,5.130128026806794,3.300631578947369,4.0396399253801265
2009-09-30,15.96,29.51,29.31,-0.7883,-6.99,54.3,0.20000000000000284,15.892500000000002,6.269379113890323,20.1,4.953047971757015,-4.2075000000000005,4.3449012768143715,2.241388888888889,5.412564827867932,3.075385,4.058883183090354
2009-10-31,14.09,32.03,29.42,-0.53,-5.85,55.2,2.6099999999999994,16.540952380952383,6.79486269527347,20.53857142857143,5.229272689116797,-3.9976190476190476,4.342730598093675,1.9513888888888888,5.621604322498174,2.8914,4.044955641783974
2009-11-30,14.99,34.63,29.74,0.56,-2.08,55.2,4.890000000000004,17.245,7.407874671108924,20.942272727272726,5.443214151861955,-3.6972727272727273,4.466074426072721,1.708333333333333,5.766703192837803,2.7358818181818183,4.014303064298289
2009-12-31,11.77,32.35,27.68,1.8559,1.7,56.6,4.670000000000002,18.00086956521739,8.094628360857294,21.324782608695653,5.625570572730793,-3.323913043478261,4.716495944246626,1.5733333333333333,5.79770200781556,2.6412782608695653,3.9481631313534473
2010-01-31,-0.79,38.96,25.98,1.53,4.32,55.8,12.98,18.59875,8.44116379391208,21.589583333333334,5.652782676943594,-2.9908333333333332,4.892929163303046,1.5358333333333334,5.792241300715491,2.6085541666666665,3.864706213479056
2010-02-28,21.98,34.99,25.52,2.6953,5.39,52.0,9.470000000000002,19.4132,9.212360229604572,21.7652,5.602996311498575,-2.352,5.75724977745451,1.5641666666666667,5.803601037287109,2.5654120000000002,3.789479365110727
2010-03-31,15.81,29.94,22.5,2.3707,5.91,55.1,7.440000000000001,20.012307692307694,9.529168823225794,21.909615384615385,5.5389598162609746,-1.8973076923076921,6.09880811811115,1.6416666666666666,5.8363645729659,2.5704076923076924,3.713003714614148
2010-04-30,15.76,31.25,21.48,2.8136,6.81,55.7,9.77,20.38,9.537446844291837,21.93148148148148,5.432585235059115,-1.5514814814814815,6.244513717412396,1.732222222222222,5.877601605665412,2.5630111111111114,3.6411025413204525
2010-05-31,15.2,29.9,21.0,3.0613,7.13,53.9,8.899999999999999,20.768214285714286,9.581951032123396,21.915357142857143,5.331715367179095,-1.147142857142857,6.490565721587248,1.8416666666666666,5.93578758765122,2.5719607142857144,3.5733523670035456
2010-06-30,15.7,24.6,18.5,2.9499,6.41,52.1,6.100000000000001,21.08310344827586,9.560869320699227,21.883793103448276,5.238399028733532,-0.8006896551724138,6.641065927262454,1.9630555555555556,5.999447031397117,2.5888344827586205,3.510138726834826
2010-07-31,15.5,22.9,17.6,3.3042,4.84,51.2,5.299999999999997,21.200333333333333,9.416497805423216,21.771,5.184231629297331,-0.5706666666666665,6.646070622002425,2.0719444444444446,6.0446873105678245,2.60087,3.4497180863479064
2010-08-31,16.0,21.9,19.2,3.4794,4.32,51.7,2.6999999999999993,21.25516129032258,9.26325747994651,21.636451612903226,5.151852448965706,-0.38129032258064516,6.618887994185269,2.14,6.062137294010139,2.623558064516129,3.3940870509141035
2010-09-30,13.8,20.9,19.0,3.6056,4.33,53.8,1.8999999999999986,21.275312500000002,9.11333832264909,21.560312500000002,5.086345721873349,-0.28500000000000003,6.534000404830305,2.1888888888888887,6.072708869678589,2.650303125,3.342320920238044
2010-10-31,16.6,22.1,19.3,4.3655,5.04,54.7,2.8000000000000007,21.263939393939395,8.970050145969761,21.482727272727274,5.026041106531603,-0.21878787878787886,6.442334474772983,2.2338888888888886,6.082674824110936,2.679251515151515,3.2938831612666157
2010-11-30,16.3,22.1,19.5,5.1192,6.06,55.2,2.6000000000000014,21.288529411764706,8.834258430352843,21.418529411764705,4.963439137822311,-0.13000000000000006,6.365062307771872,2.2847222222222223,6.098690953738052,2.728847058823529,3.2564580335673026
2010-12-31,16.7,21.2,19.7,4.5859,5.93,53.9,1.5,21.311714285714285,8.704454061237941,21.363714285714288,4.900644066743425,-0.05200000000000001,6.287715754689036,2.3266666666666667,6.119871613966143,2.797142857142857,3.2335541392320213
2011-01-31,42.5,13.6,17.2,4.9121,6.6436,52.9,-3.5999999999999996,21.308611111111112,8.57922379198817,21.317500000000003,4.838080123945268,-0.008888888888888898,6.202636203503788,2.3405555555555555,6.127678164079741,2.8468305555555555,3.2009392974848083
2011-02-28,10.3,14.5,15.7,4.9443,7.2322,52.2,-1.1999999999999993,21.115833333333335,8.674431846359903,21.270833333333332,4.870258646695703,-0.155,6.224116001489691,2.356488888888889,6.13838900493224,2.7866638888888886,3.138888835618906
2011-03-31,14.8,15.0,16.6,5.383,7.3081,53.4,-1.6000000000000014,20.992222222222225,8.737652875788656,21.22388888888889,4.91665872477163,-0.2316666666666666,6.219384213891276,2.3734944444444444,6.151372219034636,2.681108333333333,2.9933386220907243
2011-04-30,14.7,12.9,15.3,5.3442,6.821,52.9,-2.4000000000000004,20.90972222222222,8.780917780248947,21.235277777777778,4.905126464722454,-0.3255555555555555,6.213657972307891,2.355663888888889,6.13565639413946,2.599811111111111,2.8734444516023694
2011-05-31,15.4,12.7,15.1,5.5146,6.7851,52.0,-2.4000000000000004,20.73888888888889,8.877426518271024,21.189722222222223,4.953534660716588,-0.45083333333333325,6.2086126239511605,2.3195805555555555,6.104528909111868,2.512625,2.7340769663505395
2011-06-30,14.4,13.1,15.9,6.3553,7.1209,50.9,-2.8000000000000007,20.593611111111116,8.967048615515356,21.107222222222223,5.031102469985285,-0.513611111111111,6.216800349641413,2.2797222222222224,6.069486407178174,2.4514666666666667,2.6372613398859697
2011-07-31,14.3,11.6,14.7,6.4508,7.5417,50.7,-3.0999999999999996,20.563333333333333,8.991096548411498,21.066388888888888,5.0681302005925915,-0.5030555555555555,6.21246480619842,2.2319694444444442,6.022982055893169,2.431213888888889,2.6032465183911935
2011-08-31,14.7,11.2,13.5,6.1514,7.2528,50.9,-2.3000000000000007,20.497777777777777,9.049035027042107,21.020555555555557,5.119204706338358,-0.5227777777777776,6.2197490124423656,2.16285,5.944704528786222,2.4353472222222217,2.609678182621222
2011-09-30,12.68,8.85,13.04,6.0671,6.5227,51.2,-4.1899999999999995,20.49,9.05712410994004,20.95111111111111,5.205486543900592,-0.46111111111111097,6.189919352245357,2.084872222222222,5.8559045449192855,2.4701055555555556,2.6514430382550382
2011-10-31,11.9,8.4,12.9,5.4954,5.0038,50.4,-4.5,20.47388888888889,9.07785225630499,20.88861111111111,5.288248509817525,-0.4147222222222221,6.154458772124302,2.0124472222222223,5.78193810227708,2.5096777777777777,2.695064024165141
2011-11-30,12.0,7.8,12.7,4.2246,2.7179,49.0,-4.8999999999999995,20.46138888888889,9.094609754536013,20.829722222222223,5.366689581435844,-0.36833333333333323,6.116012940283423,1.968386111111111,5.752024736493242,2.551927777777778,2.7303731668150215
2011-12-31,13.8,7.9,13.6,4.0704,1.6854,50.3,-5.699999999999999,20.489166666666666,9.053123967527926,20.771388888888893,5.444944786695151,-0.28222222222222215,6.0266627159700485,1.9886055555555555,5.753382076406112,2.6016666666666666,2.744436866514825
2012-01-31,3.0,3.1,12.4,4.5485,0.7347,50.5,-9.3,20.456944444444442,9.096923756160477,20.654166666666665,5.554620406215247,-0.19722222222222208,5.924387182828574,2.0670888888888888,5.728702670826105,2.681402777777778,2.744246059926229
2012-02-29,8.8,4.3,13.0,3.1613,0.0284,51.0,-8.7,20.3575,9.269757393958978,20.47666666666667,5.715655692919228,-0.11916666666666657,5.779692713037853,2.180552777777778,5.658364585409871,2.781361111111111,2.744915412204669
2012-03-31,10.6,4.4,13.4,3.5856,-0.3171,53.1,-9.0,20.175,9.523093284972363,20.268888888888892,5.849912222920357,-0.09388888888888874,5.738843725140744,2.3055083333333335,5.55604677448042,2.9124583333333334,2.6425283957793146
2012-04-30,10.4,3.1,12.8,3.3653,-0.6984,53.3,-9.700000000000001,19.82388888888889,9.868724125894687,19.9325,5.887978733948395,-0.1086111111111109,5.761580216164797,2.4630888888888887,5.392075213643379,3.0445972222222224,2.5497905090963404
2012-05-31,10.0,3.5,13.2,3.0008,-1.3981,50.4,-9.7,19.424444444444447,10.24996263252964,19.56722222222222,5.911850380433768,-0.14277777777777761,5.815970923051264,2.627022222222222,5.194762724300097,3.1797444444444443,2.4280624961884367
2012-06-30,10.8,4.7,13.6,2.1504,-2.0843,50.2,-8.899999999999999,19.0025,10.588133350933148,19.218888888888888,5.907185347537244,-0.2163888888888888,5.921700601674575,2.788186111111111,4.966144748028696,3.301191666666666,2.299882594317122
2012-07-31,10.0,4.6,13.9,1.8,-2.8651,50.1,-9.3,18.444444444444443,10.801659778397667,18.806111111111115,5.760355285559475,-0.36166666666666647,6.071118277785167,2.9469555555555558,4.702323848934052,3.408147222222222,2.1449720602224445
2012-08-31,9.7,4.5,13.5,2.0,-3.4784,49.2,-9.0,17.83972222222222,10.953596013863239,18.40277777777778,5.573267628913223,-0.5630555555555553,6.246438902947339,3.095702777777778,4.414901073830118,3.5083055555555553,1.9717466774330445
2012-09-30,13.3,7.3,14.8,1.9,-3.5545,49.8,-7.500000000000001,17.19472222222222,11.038498470900084,17.985277777777778,5.351495110773706,-0.7905555555555552,6.402873883519334,3.217413888888889,4.157112379604226,3.597313888888889,1.819368797319204
2012-10-31,10.5,6.1,14.1,1.7,-2.7558,50.2,-8.0,16.577777777777776,10.95084187529789,17.58222222222222,5.00969295387087,-1.0044444444444443,6.496760267106517,3.3128444444444445,3.950389074975087,3.6719888888888885,1.6843830169747653
2012-11-30,10.7,5.5,13.9,2.0,-2.1995,50.6,-8.4,15.8575,10.756484655446554,17.156666666666666,4.610141615426326,-1.2991666666666666,6.568371998774558,3.3987944444444445,3.775105921385852,3.733933333333333,1.5619951401058465
2012-12-31,7.7,6.5,13.8,2.5,-1.9397,50.6,-7.300000000000001,15.048333333333334,10.39349892961942,16.716666666666665,4.102839434900099,-1.6683333333333332,6.584034151968358,3.395475,3.7801102802034734,3.773933333333333,1.4954128012979264
2013-01-31,4.4,15.3,15.9,2.0,-1.6372,50.4,-0.5999999999999996,14.330277777777777,10.051344326893682,16.331111111111113,3.6727800119082743,-2.0008333333333335,6.5569894550994725,3.294372222222222,3.8742544115599906,3.791825,1.4755300342346709
2013-02-28,17.2,9.5,15.2,3.2,-1.6254,50.1,-5.699999999999999,13.673055555555557,9.12578851996424,16.051111111111112,3.2793220360118553,-2.3780555555555556,6.040832875142036,3.1288944444444446,3.9555651993430665,3.804880555555555,1.4569072845918585
2013-03-31,12.4,11.9,15.7,2.1,-1.919,50.9,-3.799999999999999,12.965,8.383239230750846,15.764444444444443,2.851037349501737,-2.7994444444444446,5.7108282834051005,2.9340222222222225,4.013373971974281,3.8189,1.448328052026098
2013-04-30,10.8,11.9,16.1,2.4,-2.6175,50.6,-4.200000000000001,12.463888888888889,7.8625660216270665,15.575555555555557,2.6068398432304747,-3.111666666666667,5.435649783735937,2.71655,4.059358722367011,3.8113805555555555,1.4567399373394276
2013-05-31,10.8,11.3,15.8,2.0981,-2.8658,50.8,-4.5,11.926388888888889,7.172760836377653,15.426111111111112,2.4050842311091882,-3.499722222222222,4.968317039637182,2.454675,4.091701333980766,3.7998916666666664,1.4664327056548767
2013-06-30,9.9,9.1,14.0,2.7,-2.6965,50.1,-4.9,11.409722222222221,6.477276979062427,15.281666666666666,2.2089137601997764,-3.871944444444444,4.491915798374064,2.1770138888888884,4.104506369008353,3.773136111111111,1.488908296927224
2013-07-31,9.5,9.7,14.5,2.7,-2.2712,50.3,-4.800000000000001,10.979166666666666,6.078314792299404,15.156666666666666,2.148075550679837,-4.1775,4.1557597723778805,1.9240555555555554,4.116772105177579,3.7661944444444444,1.4934317697254846
2013-08-31,9.3,9.9,14.7,2.6,-1.625,51.0,-4.799999999999999,10.612499999999999,5.726621729132408,15.070555555555554,2.109112127947179,-4.458055555555556,3.8254514724740574,1.726522222222222,4.143380876055624,3.7494111111111112,1.502141680739826
2013-09-30,5.7,8.9,14.2,3.1,-1.3439,51.1,-5.299999999999999,10.279166666666667,5.390194470385225,14.945555555555554,1.987208299448433,-4.666388888888888,3.6233742386090673,1.5613833333333333,4.155516132529661,3.7249833333333333,1.5137634758631016
2013-10-31,8.0,8.9,14.3,3.2,-1.5071,51.4,-5.4,9.945833333333333,5.076547969409361,14.81222222222222,1.864650271477346,-4.866388888888888,3.444886191591217,1.403775,4.15510763328873,3.7109388888888883,1.5172441751464625
2013-11-30,7.7,9.4,14.2,3.0,-1.4242,51.4,-4.799999999999999,9.579166666666667,4.630726184951992,14.673333333333334,1.6997478804642645,-5.094166666666667,3.1847712409438174,1.221911111111111,4.134636140479439,3.678563888888889,1.515311578361318
2013-12-31,7.1,9.3,13.6,2.49871692,-1.3557,51.0,-4.299999999999999,9.226388888888888,4.103334638891908,14.52611111111111,1.4858095970648657,-5.299722222222222,2.90005959161542,1.0140166666666668,4.072105235834933,3.6196972222222223,1.4988203703457887
2014-01-31,22.5,1.2,13.2,2.5,-1.6394,50.5,-12.0,8.895833333333334,3.553717872072252,14.356666666666667,1.1990710690244035,-5.460833333333333,2.6629246810870972,0.811636111111111,4.001234158688881,3.5617199144444447,1.5007448375874566
2014-02-28,3.3,6.9,13.3,2.0,-2.0182,50.2,-6.4,8.551388888888889,3.683311516849851,14.245555555555557,1.1100950910219387,-5.694166666666667,2.856215653122645,0.5815527777777778,3.8929812766410476,3.494717136666667,1.4925561273492642
2014-03-31,5.2,5.4,12.1,2.4,-2.3022,50.3,-6.699999999999999,8.340277777777779,3.5479333913147766,14.178888888888888,1.0921741822824502,-5.838611111111111,2.752030058782862,0.32459722222222226,3.7438951338706885,3.412931025555556,1.4915228915355034
2014-04-30,5.4,5.5,13.2,1.80138144,-2.0042,50.4,-7.699999999999999,8.073611111111113,3.3903536712079227,14.053888888888888,1.064318099006546,-5.980277777777777,2.657238616212707,0.057644444444444436,3.570320247296306,3.3300699144444446,1.4615070652595463
2014-05-31,6.7,5.7,13.4,2.5,-1.4464,50.8,-7.7,7.868055555555555,3.312813926424352,13.995555555555555,1.0515415743276981,-6.1274999999999995,2.5994003429362516,-0.1875,3.39114944179277,3.231658287777778,1.4411465225002507
2014-06-30,5.3,8.9,14.7,2.3,-1.1086,51.0,-5.799999999999999,7.673611111111111,3.2253789613694184,13.948333333333334,1.038618588043013,-6.2747222222222225,2.5314541118959433,-0.4161527777777778,3.17841753927832,3.147919398888889,1.3914296574821894
2014-07-31,5.4,6.7,13.5,2.3,-0.8688,51.7,-6.8,7.5569444444444445,3.0968913624974213,13.915,0.9924212815129922,-6.358055555555556,2.4622333873880056,-0.6447499999999999,2.9050345934994573,3.0352721766666666,1.2843846321608707
2014-08-31,5.6,5.7,12.8,2.0,-1.2038,51.1,-7.1000000000000005,7.420833333333334,3.020864942363366,13.881666666666668,0.985429565504972,-6.460833333333333,2.398754885351973,-0.8783749999999999,2.5435646604575552,2.9199721766666666,1.1480883930429935
2014-09-30,4.2,4.8,12.9,1.6,-1.7996,51.1,-8.100000000000001,7.268055555555555,2.9627967669989967,13.862222222222222,0.99997460285204,-6.594166666666666,2.2918917638367686,-1.1132805555555556,2.127665612801225,2.80465551,1.0150192251075767
2014-10-31,3.8,3.2,12.6,1.60114868,-2.2428,50.8,-9.399999999999999,7.155555555555556,2.977865433440968,13.858333333333333,1.0035294856511778,-6.7027777777777775,2.267218070185957,-1.3444555555555555,1.679137203862987,2.680569398888889,0.867057202550707
2014-11-30,3.5,3.2,12.3,1.4,-2.6928,50.3,-9.100000000000001,7.011111111111111,3.0412194713660337,13.850000000000001,1.012916580967993,-6.838888888888889,2.278254692619857,-1.54575,1.2843067618647086,2.5723957511111113,0.7393667008633467
2014-12-31,2.9,3.2,12.2,1.5,-3.3152,50.1,-9.0,6.883333333333334,3.1031320583289066,13.838888888888889,1.027973812278332,-6.955555555555555,2.2836617768643115,-1.696047222222222,1.0697707932038754,2.49393464,0.7082437192465533
2015-01-31,-17.6,10.6,10.8,0.8,-4.3202,49.8,-0.20000000000000107,6.752777777777778,3.157529424010501,13.8,1.0631489614751086,-7.047222222222222,2.298009835999219,-1.8349527777777779,0.9342253250645951,2.42253464,0.6734868178185748
2015-02-28,17.0,5.6,12.5,1.4,-4.7976,49.9,-6.9,6.961111111111112,3.1570581041558134,13.755555555555555,1.1529947204548305,-6.794444444444444,2.5317350848148577,-1.975366666666667,0.9166827418157505,2.3184096400000005,0.6233099358773208
2015-03-31,6.2,2.9,11.6,1.4,-4.5603,50.1,-8.7,6.997222222222223,3.1330939624878473,13.741666666666667,1.1653019228631087,-6.7444444444444445,2.5107135518976462,-2.1094222222222223,0.966787341695927,2.26948464,0.6243825560637057
2015-04-30,3.7,3.7,10.1,1.5,-4.5725,50.1,-6.3999999999999995,6.955555555555556,3.1782694702301204,13.691666666666666,1.217814201169996,-6.736111111111111,2.503500723590035,-2.227288888888889,1.0001138911651872,2.208773528888889,0.5984749395637974
2015-05-31,1.8,4.7,10.8,1.2,-4.607,50.2,-6.1000000000000005,6.972222222222222,3.158988184404363,13.616666666666667,1.3502380742457023,-6.644444444444445,2.4517567397910964,-2.3349027777777778,1.0385921761104129,2.15695964,0.5758022193907165
2015-06-30,2.9,4.3,11.8,1.4,-4.8135,50.2,-7.500000000000001,7.005555555555556,3.127476796254632,13.549999999999999,1.4283857022126756,-6.544444444444444,2.3963596730331695,-2.424038888888889,1.092211089821992,2.106937417777778,0.5786144049508234
2015-07-31,2.9,6.6,13.3,1.6,-5.3692,50.0,-6.700000000000001,6.994444444444444,3.13659910862928,13.5,1.4577869724835453,-6.5055555555555555,2.3682355631439282,-2.4998500000000003,1.1605365196444946,2.0860929733333333,0.5904003939717669
2015-08-31,1.8,9.3,13.3,2.0,-5.9227,49.7,-4.0,7.05,3.110581020599578,13.483333333333333,1.4565124686827966,-6.433333333333334,2.3197290482172295,-2.5694083333333335,1.2543086463124897,2.0805374177777782,0.59409878832908
2015-09-30,3.7,11.4,13.1,1.59560463,-5.945,49.8,-1.6999999999999993,7.183333333333334,3.101013659158202,13.477777777777778,1.456828475267109,-6.294444444444444,2.3113316439347096,-2.6373055555555553,1.3660944777920572,2.0805374177777782,0.59409878832908
2015-10-31,3.8,14.0,13.5,1.3,-5.9,49.8,0.5,7.297222222222222,3.17971122777895,13.430555555555555,1.440202256519001,-6.133333333333334,2.4242819260850865,-2.703708333333333,1.466369231688541,2.0720819908333334,0.5988884994464718
2015-11-30,3.2,15.7,13.7,1.5,-5.9,49.6,2.0,7.516666666666666,3.3620996840834914,13.413888888888888,1.435698491581725,-5.897222222222222,2.6414807655783896,-2.7910472222222222,1.560195145941885,2.060970879722222,0.6096036502783909
2015-12-31,4.9,15.2,13.3,1.6,-5.9,49.7,1.8999999999999986,7.800000000000001,3.6080861567160145,13.408333333333335,1.434149822816848,-5.608333333333333,2.9145325525716745,-2.893838888888889,1.6399702955981945,2.047081990833333,0.6166871816505543
2016-01-31,15.1,18.6,14.0,1.8,-5.3,49.4,4.600000000000001,8.041666666666666,3.8045367654945887,13.394444444444444,1.4326687274243004,-5.352777777777778,3.155356996882879,-3.003847222222222,1.7056506724056257,2.022081990833333,0.616043954459736
2016-02-29,-4.8,17.4,13.3,2.3,-4.9,49.0,4.099999999999998,8.133333333333333,4.018173003457456,13.341666666666665,1.3714174106688288,-5.208333333333333,3.4813277434253185,-3.105591666666667,1.7308583417112486,2.0165264352777776,0.6171496014314716
2016-03-31,4.4,22.1,13.4,2.3,-4.3,50.2,8.700000000000001,8.352777777777778,4.300729912209996,13.288888888888888,1.3339046395081875,-4.936111111111112,3.8094733627612185,-3.196552777777778,1.7368818004830355,1.991526435277778,0.5852429203244421
2016-04-30,6.0,22.9,12.8,2.3,-3.4,50.1,10.099999999999998,8.636111111111111,4.84291251080397,13.225000000000001,1.2686044075506842,-4.588888888888889,4.434396578551921,-3.2626916666666665,1.7321705754630474,1.9970819908333333,0.5872478904036457
2016-05-31,6.3,23.7,11.8,2.0,-2.8,50.1,11.899999999999999,8.941666666666668,5.372755345258151,13.133333333333333,1.1703479336138307,-4.191666666666666,5.0657604139387145,-3.2844277777777777,1.7287492949877434,1.9943042130555557,0.5855215401140256
2016-06-30,7.2,24.6,11.8,1.9,-2.6,50.0,12.8,9.286111111111111,5.89988633196935,13.022222222222222,1.0975586183137538,-3.736111111111111,5.730976121184529,-3.2826,1.729239264284397,1.9915792130555556,0.5852528914168891
2016-07-31,7.2,25.4,10.2,1.8,-1.7,49.9,15.2,9.716666666666667,6.427863453078993,12.961111111111112,1.1027958696688183,-3.2444444444444445,6.353691590358851,-3.2799194444444444,1.7302482566415422,1.9693569908333335,0.5726375593944998
2016-08-31,7.4,25.3,11.4,1.3,-0.8,50.4,13.9,10.152777777777779,6.938978356712223,12.841666666666667,1.1626017620590168,-2.688888888888889,7.050016323295297,-3.2640527777777777,1.7423394251057291,1.9443569908333334,0.5593190934015885
2016-09-30,6.6,24.7,11.5,1.9,0.1,50.4,13.2,10.580555555555556,7.383410727316611,12.75,1.141803085349728,-2.1694444444444443,7.560454235954889,-3.2411361111111114,1.769723863553335,1.9082458797222221,0.5577431159912584
2016-10-31,7.2,23.9,11.6,2.1,1.2,51.2,12.299999999999999,11.019444444444444,7.741569403253894,12.675,1.1324751652905558,-1.6555555555555554,7.9597718719802675,-3.2010277777777776,1.8293094918358181,1.874912546388889,0.5189962436302452
2016-11-30,7.6,22.7,11.4,2.3,3.3,51.7,11.299999999999999,11.43611111111111,8.022794410847768,12.6,1.1109841197270036,-1.163888888888889,8.262761654479098,-3.1258305555555554,1.9524281613006065,1.844356990833333,0.46869713103834404
2016-12-31,8.1,21.4,11.3,2.1,5.5,51.4,10.099999999999998,11.805555555555555,8.22990867661342,12.522222222222222,1.093646877224711,-0.7166666666666668,8.492837318251523,-2.9946027777777777,2.2116248447673144,1.824912546388889,0.43250709981226787
2017-01-31,19.4,14.5,10.7032,2.5,6.9,51.3,3.7967999999999993,12.141666666666667,8.370539323808748,12.458333333333334,1.0960643880981682,-0.3166666666666669,8.656772740791702,-2.8041666666666667,2.6151299179964242,1.813837076388889,0.41967431231275715
2017-02-28,3.3,21.4,10.45,0.8,7.8,51.6,10.95,12.511111111111111,8.164794732010906,12.388977777777777,1.1263690922887402,0.12213333333333311,8.445419205361313,-2.566961111111111,3.071296763190963,1.813837076388889,0.41967431231275715
2017-03-31,6.1,18.8,10.1178,0.9,7.6,51.8,8.6822,12.913888888888888,8.237411270808595,12.309811111111111,1.160157685779344,0.6040777777777776,8.556904366186611,-2.294233333333333,3.5239802225811143,1.7805037430555555,0.4509557304172305
2017-04-30,6.2,18.5,9.8426,1.2,6.4,51.2,8.6574,13.286111111111111,8.190801557767724,12.25475,1.216089221703212,1.031361111111111,8.56580474142148,-2.019172222222222,3.890711873799012,1.738837076388889,0.4612606547598344
2017-05-31,7.3,17.0,9.1289,1.5,5.5,51.2,7.8711,13.647222222222222,8.124020331658851,12.16148888888889,1.2691100372820416,1.4857333333333331,8.523149710356076,-1.7857222222222222,4.136035497299391,1.722132036388889,0.46974267130275965
2017-06-30,6.6,15.0,9.1013,1.5,5.5,51.7,5.8987,13.96111111111111,8.025896577518047,12.042847222222221,1.3472550422429568,1.9182638888888885,8.438353035893499,-1.5927666666666669,4.310664183096215,1.694354258611111,0.4516484884285514
2017-07-31,6.1,15.3,8.89,1.4,5.5,51.4,6.41,14.130555555555555,7.980254899059822,11.887327777777777,1.3548842615010905,2.2432277777777774,8.357500801542157,-1.4091944444444444,4.469655358138887,1.6721320363888887,0.44054224816024284
2017-08-31,6.5,14.0,8.5633,1.8,6.3,51.7,5.4367,14.369444444444444,7.879551091072729,11.759272222222222,1.4146460806477095,2.610172222222222,8.238252889803107,-1.2322833333333334,4.61532198520784,1.6471320363888888,0.4292867573077409
2017-09-30,7.2,14.0,8.976,1.6,6.9,52.4,5.023999999999999,14.600000000000001,7.738807586259197,11.64158611111111,1.4992888510705018,2.958413888888889,8.079505619711176,-1.0238444444444446,4.783042346602924,1.6415764808333333,0.42587023185933315
2017-10-31,6.3,13.0,8.8771,1.9,6.9,51.6,4.1229,14.855555555555554,7.555676936466647,11.532586111111112,1.5470651926705852,3.3229694444444444,7.859367637587264,-0.7821888888888889,4.9592496568261355,1.6415764808333333,0.42587023185933315
2017-11-30,5.7,12.7,9.1148,1.7,5.8,51.8,3.5851999999999986,15.127777777777778,7.295815282401323,11.429172222222222,1.5972888581434055,3.6986055555555546,7.551015704694286,-0.5282222222222223,5.11400367456771,1.6498779063888886,0.42796723237818046
2017-12-31,3.4,11.8,8.0654,1.8,4.9,51.6,3.7346000000000004,15.391666666666667,7.018602832066064,11.340694444444445,1.6354358765337835,4.050972222222223,7.225674562780031,-0.29231111111111113,5.206352243929813,1.6582112397222222,0.4258783050791136
2018-01-31,-13.8,15.0,8.6,1.5,4.3,51.3,6.4,15.630555555555556,6.732302490634009,11.225844444444444,1.7165335215309772,4.404711111111111,6.871536620073848,-0.06411111111111113,5.249928320260477,1.6665445730555555,0.4256291085629673
2018-02-28,13.5,8.5,8.8,2.9,3.7,50.3,-0.3000000000000007,15.752777777777778,6.678087241594651,11.164733333333334,1.770442460274468,4.588044444444445,6.833109220278424,0.17533888888888885,5.2468445596120095,1.6859890174999999,0.4001368094102255
2018-03-31,6.0,7.1,8.2,2.1,3.1,51.5,-1.0999999999999996,15.833333333333334,6.5687137249236285,11.061955555555556,1.797896203653304,4.7713777777777775,6.600662672148314,0.4113833333333333,5.207729221702239,1.7276556841666664,0.4450799050595886
2018-04-30,4.5,7.2,8.3,1.8,3.4,51.4,-1.1000000000000005,15.950000000000001,6.366631762557031,10.967511111111111,1.8571503765219777,4.982488888888889,6.270786652031916,0.6241694444444444,5.1550157173001026,1.747100128611111,0.4456467273887433
2018-05-31,3.6,6.0,8.3,1.8,4.1,51.9,-2.3000000000000007,16.04722222222222,6.198731949179431,10.91751111111111,1.9047932263900555,5.12971111111111,6.054401287459178,0.8456277777777778,5.096303511908611,1.7554334619444445,0.4436947187284687
2018-06-30,3.9,6.6,8.0,1.9,4.7,51.5,-1.4000000000000004,16.083333333333332,6.1341898987792804,10.848066666666668,1.954132965793231,5.235266666666666,5.883743239226447,1.087488888888889,5.036395355454576,1.772100128611111,0.43338386039005034
2018-07-31,3.6,5.1,8.5,2.1,4.6,51.2,-3.4000000000000004,16.147222222222222,6.018850678664784,10.742511111111112,2.00325765574512,5.40471111111111,5.586850232556438,1.3517527777777778,4.967031963225758,1.7859890175,0.4291090568200529
2018-08-31,3.3,3.9,8.2,2.3,4.1,51.3,-4.299999999999999,16.105555555555554,6.091584098196205,10.609177777777779,1.9878527532578378,5.496377777777777,5.406735877990459,1.628675,4.858331398116904,1.7998779063888888,0.4310047043372827
2018-09-30,2.2,4.0,8.3,2.5,3.6,50.8,-4.300000000000001,15.955555555555556,6.3259305106361134,10.467511111111111,1.9722768802691695,5.488044444444444,5.422000359827386,1.9070833333333335,4.69775696856641,1.808211239722222,0.43783069744225706
2018-10-31,2.8,2.7,8.0,2.5,3.3,50.2,-5.3,15.75,6.592788267710195,10.334177777777779,1.9513641375217978,5.415822222222221,5.536587731761515,2.1722222222222225,4.507429493061496,1.8333333333333333,0.4510305659581829
2018-11-30,2.8,1.5,8.0,2.2,2.7,50.0,-6.5,15.436111111111112,6.938429331433855,10.181400000000002,1.911315535585704,5.25471111111111,5.76346181495501,2.4277777777777776,4.292359398553339,1.8666666666666667,0.45481550419607547
2018-12-31,3.6,1.5,8.1,1.9,0.9,49.4,-6.6,15.041666666666666,7.316336905466134,10.023066666666667,1.8465017711491583,5.018599999999999,6.066736867495459,2.6666666666666665,4.047997741388413,1.8861111111111113,0.45365359835625113
2019-01-31,17.2,0.4,8.4,1.7,0.1,49.5,-8.0,14.661111111111113,7.656268310635705,9.878622222222223,1.7852065899034637,4.782488888888889,6.3503534732565585,2.855555555555556,3.7870791190531303,1.8944444444444446,0.4509953718130741
2019-02-28,-2.4,1.6,8.0,1.5,0.1,49.2,-6.4,14.155555555555557,7.982675686203916,9.723066666666668,1.6550627755033864,4.432488888888888,6.698386465060196,3.0055555555555555,3.5546303359698044,1.8916666666666666,0.45190074763632915
2019-03-31,3.1,4.6,8.6,2.3,0.4,50.5,-4.0,13.716666666666667,8.22971966194996,9.575844444444446,1.560836557462356,4.140822222222222,6.93760582395937,3.144444444444444,3.3273279235914046,1.8694444444444445,0.4509161749431753
2019-04-30,3.5,2.9,8.5,2.5,0.9,50.1,-5.6,13.230555555555556,8.237226282274689,9.44251111111111,1.42383268715664,3.788044444444444,7.021537716338799,3.2750000000000004,3.1121306436036904,1.8694444444444445,0.4509161749431753
2019-05-31,4.3,3.4,8.5,2.7,0.6,49.4,-5.1,12.675,8.240886741468683,9.323066666666668,1.3099342151420519,3.351933333333333,7.105364910062177,3.3944444444444444,2.92554702522885,1.875,0.45755561722825605
2019-06-30,4.3,4.4,8.5,2.7,0.0,49.4,-4.1,12.11111111111111,8.159053788899715,9.2314,1.2455315294511677,2.879711111111111,7.085912227260825,3.488888888888889,2.7706397175461883,1.8944444444444446,0.4774602119216234
2019-07-31,4.5,3.1,8.1,2.8,-0.3,49.7,-5.0,11.549999999999999,7.967989529539883,9.139733333333332,1.1702496397899007,2.410266666666667,6.968758749242427,3.561111111111111,2.6381029740302555,1.9166666666666667,0.4959838707054773
2019-08-31,4.8,3.4,8.2,2.8,-0.8,49.5,-4.799999999999999,10.930555555555555,7.723575021394638,9.0814,1.1682260994466744,1.8491555555555554,6.718261417464852,3.5999999999999996,2.567711599292809,1.9444444444444444,0.5168279318217028
2019-09-30,4.0,3.4,8.4,3.0,-1.2,49.8,-5.0,10.322222222222221,7.415778973093646,8.99251111111111,1.1068984110767635,1.3297111111111108,6.478538378447402,3.5999999999999996,2.567711599292809,1.9861111111111112,0.5238062770462031
2019-10-31,4.7,3.3,8.4,3.8,-1.6,49.3,-5.1000000000000005,9.730555555555556,7.077885860478985,8.9064,1.0237112829587067,0.8241555555555554,6.231169247234627,3.563888888888888,2.6268017248333146,2.0166666666666666,0.5500649312321377
2019-11-30,4.8,3.5,8.2,4.5,-1.4,50.2,-4.699999999999999,9.158333333333335,6.723450432202635,8.817511111111111,0.9164525275765271,0.34082222222222214,5.98558284523791,3.486111111111111,2.737898336605521,2.0638888888888887,0.6252555033299846
2019-12-31,5.4,4.4,8.7,4.5,-0.5,50.2,-4.299999999999999,8.625,6.370843182589174,8.72862222222222,0.807529033572979,-0.10362222222222228,5.73746402392013,3.3555555555555556,2.8565158042066767,2.125,0.7450311594634258
2020-01-31,6.6,0.0,8.4,5.4,0.1,50.0,-8.4,8.152777777777779,6.017094035738575,8.656399999999998,0.6766444029176749,-0.5036222222222223,5.502941940199473,3.188888888888889,2.9024893530286073,2.1916666666666664,0.8435892704052401
2020-02-29,10.9,4.8,8.8,5.2,-0.4,35.7,-4.000000000000001,7.75,6.06519343702833,8.592422222222222,0.579498916114253,-0.8424222222222222,5.605124759111642,3.0,2.875214277729074,2.272222222222222,0.998172934089677
2020-03-31,10.8,5.0,10.1,4.3,-1.5,52.0,-5.1,7.28888888888889,5.611863850185245,8.54658888888889,0.4861079573084009,-1.2577,5.248974042773908,2.7722222222222226,2.8081118324404466,2.3944444444444444,1.0788736042596663
2020-04-30,10.2,5.5,11.1,3.3,-3.1,50.8,-5.6,6.905555555555556,5.2636187684598355,8.546094444444444,0.4844704336808667,-1.640538888888889,4.9999879791442785,2.5194444444444444,2.7704377626695345,2.488888888888889,1.0930371259614873
2020-05-31,9.5,6.8,11.1,2.4,-3.7,50.6,-4.3,6.544444444444445,4.877203205845663,8.581022222222224,0.6097422120914424,-2.0365777777777776,4.717684343531934,2.2555555555555555,2.8417745406141073,2.5472222222222225,1.0782223759797795
2020-06-30,9.5,6.5,11.1,2.5,-3.0,50.9,-4.6,6.261111111111111,4.5368508762153485,8.635775,0.7358115163835599,-2.3746638888888887,4.413696915360037,2.0,2.9531581158385065,2.5722222222222224,1.0635818488514828
2020-07-31,9.9,6.9,10.7,2.7,-2.4,51.1,-3.799999999999999,6.025,4.28314804120255,8.691294444444445,0.8399723665332687,-2.6662944444444445,4.192738774796554,1.763888888888889,3.00467757032053,2.6,1.0477186099875648
2020-08-31,9.4,8.0,10.4,2.4,-2.0,51.0,-2.4000000000000004,5.791666666666667,3.981627449028506,8.741572222222223,0.9039403664309443,-2.9499055555555556,3.8960696062236426,1.5444444444444443,3.0124925080589153,2.636111111111111,1.0273830215727058
2020-09-30,11.1,8.1,10.9,1.7,-2.1,51.5,-2.8000000000000007,5.625,3.746874888299786,8.792591666666667,0.9445131899176367,-3.1675916666666666,3.6234902109410587,1.3138888888888889,2.9552039115313415,2.6527777777777777,1.0182579272213872
2020-10-31,10.4,9.1,10.5,0.5,-2.1,51.4,-1.4000000000000004,5.461111111111111,3.490335864131782,8.846036111111111,1.0075200808073144,-3.384925,3.3418189204918187,1.063888888888889,2.847871664221019,2.6555555555555554,1.0154364141151826
2020-11-30,10.3,10.0,10.7,-0.5,-1.5,52.1,-0.6999999999999993,5.352777777777778,3.3052759652333594,8.891116666666667,1.0445758580125601,-3.538338888888889,3.105739299451693,0.8138888888888889,2.712737444804496,2.6166666666666667,1.0705138952858058
2020-12-31,9.2,8.6,10.1,0.2,-0.4,51.9,-1.5,5.277777777777778,3.1612936873656468,8.93515,1.0868312833974036,-3.6573722222222225,2.900235756782644,0.6111111111111112,2.599865686396428,2.5555555555555554,1.1813900878552048
2021-01-31,-3.9,14.7,9.4,-0.3,0.3,51.3,5.299999999999999,5.188888888888889,3.0142307976642084,8.991666666666667,1.0931932256336243,-3.802777777777778,2.6384504230552817,0.46388888888888885,2.4981310474350042,2.511111111111111,1.2393034397890634
2021-02-28,4.2,7.4,10.1,-0.2,1.7,50.6,-2.6999999999999993,5.180555555555555,2.9866196318575513,9.01388888888889,1.0931351446386965,-3.8333333333333335,2.5206575105940603,0.35277777777777775,2.410036883074149,2.461111111111111,1.31524637078876
2021-03-31,4.2,7.1,9.4,0.4,4.4,51.9,-2.3000000000000007,5.15,2.9571704622590245,9.05,1.1072488428532314,-3.9000000000000004,2.4554312975815096,0.2972222222222222,2.3530510420195285,2.375,1.3853055361801658
2021-04-30,5.3,6.2,8.1,0.9,6.8,51.1,-1.8999999999999995,5.15,2.9571704622590245,9.083333333333334,1.0989605478424174,-3.933333333333334,2.424281926085086,0.3333333333333333,2.406657433038608,2.3277777777777775,1.4233985710486998
2021-05-31,5.6,6.1,8.3,1.3,9.0,51.0,-2.200000000000001,5.122222222222222,2.9420217646190476,9.077777777777778,1.1035296904830418,-3.955555555555555,2.4011240753856895,0.4277777777777778,2.5901584188849562,2.302777777777778,1.4407311856159488
2021-06-30,6.2,5.5,8.6,1.1,8.8,50.9,-3.0999999999999996,5.124999999999999,2.942921289176084,9.077777777777778,1.1035296904830418,-3.952777777777778,2.4031510399129887,0.5638888888888889,2.8989803899970212,2.2888888888888888,1.4481076869542062
2021-07-31,6.1,4.9,8.3,1.0,9.0,50.4,-3.4000000000000004,5.094444444444444,2.932862516328144,9.094444444444443,1.091249465899167,-4.0,2.368000965250759,0.6777777777777777,3.136887548520583,2.2666666666666666,1.4603326431232773
2021-08-31,6.3,4.2,8.2,0.8,9.5,50.1,-3.999999999999999,5.088888888888889,2.933041110985366,9.088888888888889,1.0948653610056256,-4.0,2.368000965250759,0.7999999999999999,3.3710532478737236,2.2361111111111107,1.4753503753884087
2021-09-30,5.5,3.7,8.3,0.7,10.7,49.6,-4.6000000000000005,5.097222222222222,2.9299913321287003,9.088888888888889,1.0948653610056256,-3.991666666666667,2.3674428639960188,0.9500000000000001,3.632118626130718,2.1944444444444446,1.4945509491758813
2021-10-31,6.2,2.8,8.7,1.5,13.5,49.2,-5.8999999999999995,5.088888888888889,2.933625526572681,9.088888888888889,1.0948653610056256,-4.0,2.369086623273067,1.1472222222222221,3.958245362430976,2.144444444444444,1.5140191439522672
2021-11-30,7.2,3.0,8.5,2.3,12.9,50.1,-5.5,5.091666666666667,2.931345376151678,9.108333333333333,1.0811039331560748,-4.016666666666667,2.380576160752437,1.4305555555555556,4.451119887620219,2.1166666666666663,1.51648088867426
2021-12-31,7.7,3.5,9.0,1.5,10.3,50.3,-5.5,5.133333333333334,2.88919168132346,9.122222222222222,1.0696090370146059,-3.988888888888889,2.356483794346108,1.713888888888889,4.841732439517181,2.1194444444444445,1.516729459715292
2022-01-31,18.5,-1.9,9.8,0.9,9.1,50.1,-11.700000000000001,5.188888888888889,2.836071506027607,9.147222222222222,1.0554582244181359,-3.9583333333333335,2.3286262044389945,1.9749999999999999,5.045754934312886,2.1083333333333334,1.5198449169005894
2022-02-28,5.8,4.7,9.2,0.9,8.8,50.2,-4.499999999999999,5.125,2.9697883522471713,9.18611111111111,1.0529286443812569,-4.061111111111111,2.580174720305108,2.225,5.1715913549754795,2.086111111111111,1.531787523083082
2022-03-31,10.0,4.7,9.7,1.5,8.3,49.5,-4.999999999999999,5.211111111111111,2.9089789841383937,9.219444444444443,1.03311441613464,-4.008333333333333,2.550224079790404,2.466666666666667,5.271757635877104,2.0694444444444446,1.5415797916320264
2022-04-30,11.5,5.1,10.5,2.1,8.0,47.4,-5.4,5.2138888888888895,2.9084264550516927,9.25,1.0305338422389734,-4.0361111111111105,2.55557125599041,2.6861111111111113,5.34715693631553,2.0472222222222225,1.5439256294285477
2022-05-31,13.5,4.6,11.1,2.1,6.4,49.6,-6.5,5.275,2.8814059068448006,9.305555555555555,1.0427832111213944,-4.030555555555555,2.5522896661003225,2.8833333333333333,5.40996435161215,2.036111111111111,1.5420121877928121
2022-06-30,13.9,5.8,11.4,2.5,6.1,50.2,-5.6000000000000005,5.308333333333334,2.8659952148300385,9.377777777777778,1.074938167287721,-4.069444444444445,2.579570223832353,3.0444444444444447,5.426361287768886,2.0194444444444444,1.537868551775369
2022-07-31,13.9,6.7,12.0,2.7,4.2,49.0,-5.3,5.347222222222222,2.8628144105419158,9.458333333333334,1.1151873641423122,-4.111111111111111,2.592161566589078,3.213888888888889,5.423817989875911,2.013888888888889,1.535699520047136
2022-08-31,14.3,6.1,12.2,2.5,2.3,49.4,-6.1,5.447222222222222,2.844893782713292,9.566666666666666,1.1676594415446617,-4.1194444444444445,2.5955807986921995,3.338888888888889,5.39228431731211,2.011111111111111,1.5343268003129966
2022-09-30,13.6,6.4,12.1,2.8,0.9,50.1,-5.699999999999999,5.522222222222222,2.8249006163161914,9.677777777777779,1.2229031292346433,-4.155555555555555,2.614295255425377,3.425,5.348878387101354,2.0027777777777778,1.5307301919786218
2022-10-31,14.4,5.8,11.8,2.1,-1.3,49.2,-6.000000000000001,5.605555555555555,2.8046842902997247,9.780555555555555,1.2671271092952474,-4.175,2.6233430144433125,3.4833333333333334,5.308295394945535,1.9972222222222225,1.5273667556776251
2022-11-30,14.1,4.6,12.4,1.6,-1.3,48.0,-7.800000000000001,5.675000000000001,2.7767787092240717,9.875,1.2878276282173085,-4.199999999999999,2.636664559628311,3.4916666666666667,5.300316702128008,1.9500000000000002,1.4959946523968553
2022-12-31,15.3,3.7,11.8,1.8,-0.7,47.0,-8.100000000000001,5.705555555555556,2.7581509794420116,9.991666666666667,1.3215521177766,-4.286111111111111,2.7032417341066313,3.494444444444445,5.2977054032555,1.8694444444444445,1.4314467096401704
2023-01-31,7.9,6.7,12.6,2.1,-0.8,50.1,-5.8999999999999995,5.686111111111111,2.7700595947976034,10.077777777777778,1.3359022870834292,-4.391666666666667,2.776984489899576,3.488888888888889,5.302116977627373,1.7944444444444443,1.3585589938175404
2023-02-28,10.6,5.8,12.9,1.0,-1.4,52.6,-7.1000000000000005,5.872222222222223,2.596768443509442,10.194444444444445,1.3681989087731612,-4.322222222222222,2.7041884033171346,3.463888888888889,5.320641893487114,1.7027777777777777,1.2117251246787637
2023-03-31,11.0,5.1,12.7,0.7,-2.5,51.9,-7.6,5.8999999999999995,2.5903116194223403,10.308333333333332,1.4185253912828282,-4.408333333333333,2.7427176303804868,3.4361111111111113,5.343949998577977,1.586111111111111,1.057801703744342
2023-04-30,10.7,5.3,12.4,0.1,-3.6,49.2,-7.1000000000000005,5.902777777777777,2.589372357608945,10.380555555555555,1.4727659972105198,-4.477777777777778,2.791938508441865,3.408333333333333,5.372861700913475,1.4861111111111112,0.9595096300500158
2023-05-31,9.6,4.7,11.6,0.2,-4.6,48.8,-6.8999999999999995,5.897222222222222,2.590475533963522,10.416666666666666,1.5064622701642365,-4.519444444444445,2.8202147278374143,3.3944444444444444,5.3907828450550355,1.3972222222222224,0.9345697592585707
2023-06-30,9.8,3.1,11.3,0.0,-5.4,49.0,-8.200000000000001,5.838888888888889,2.5932084680430654,10.430555555555555,1.5152217083307113,-4.591666666666666,2.847592968506149,3.3694444444444445,5.426591639822993,1.336111111111111,0.9390429102557429
2023-07-31,9.9,2.3,10.7,-0.3,-4.4,49.3,-8.399999999999999,5.7444444444444445,2.6300944518014804,10.43611111111111,1.5181102496717898,-4.691666666666666,2.9104123419199466,3.302777777777778,5.520998155670822,1.2666666666666666,0.942943718968871
2023-08-31,9.5,2.2,10.6,0.1,-3.0,49.7,-8.399999999999999,5.616666666666666,2.6835477583655334,10.43611111111111,1.5181102496717898,-4.8194444444444455,2.970504473216085,3.2472222222222222,5.589658109202902,1.1833333333333333,0.9452135057374917
2023-09-30,10.7,2.1,10.3,0.0,-2.5,50.2,-8.200000000000001,5.455555555555556,2.7103446743852273,10.441666666666666,1.5183402592492095,-4.986111111111111,2.999062022678584,3.2194444444444446,5.618887507807645,1.1194444444444445,0.9383326989763502
2023-10-31,10.2,1.9,10.3,-0.2,-2.6,49.5,-8.4,5.288888888888889,2.727508311133387,10.425,1.5164573377258823,-5.136111111111111,3.021556153259695,3.2083333333333335,5.630091346632713,1.0722222222222222,0.9509727684582742
2023-11-30,10.4,1.3,10.0,-0.5,-3.0,49.4,-8.7,5.0888888888888895,2.7039418609322396,10.419444444444444,1.5165410727694253,-5.330555555555556,2.999411317903597,3.1944444444444446,5.644159785348007,1.0527777777777778,0.9699738173524037
2023-12-31,8.3,1.3,9.7,-0.3,-2.7,49.0,-8.399999999999999,4.847222222222222,2.640507106178262,10.4,1.5173284793628337,-5.552777777777778,2.9423495093072427,3.152777777777778,5.6851931044530595,1.0527777777777778,0.9699738173524037
2024-01-31,5.9,5.9,8.7,-0.8,-2.5,49.2,-2.799999999999999,4.644444444444444,2.6243306024796564,10.38888888888889,1.5210480931210282,-5.7444444444444445,2.8951629062918354,3.088888888888889,5.738928609705958,1.0388888888888888,0.9859811003050302
2024-02-29,12.5,1.2,8.7,0.7,-2.7,49.1,-7.499999999999999,4.4,1.9954233349628883,10.369444444444445,1.5384258084983438,-5.969444444444444,2.256649785404945,3.011111111111111,5.796490454344038,1.025,1.0086412359492005
2024-03-31,11.0,1.1,8.3,0.1,-2.8,50.8,-7.200000000000001,4.227777777777778,1.996655934465188,10.330555555555556,1.5629312103396564,-6.102777777777778,2.199023953759094,2.888888888888889,5.870837262156917,1.0499999999999998,0.9883608363634866
2024-04-30,10.8,-1.4,7.2,0.3,-2.5,50.4,-8.6,4.061111111111111,2.0004681991656725,10.3,1.592123469727445,-6.238888888888889,2.106625979112795,2.688888888888889,5.940119180034676,1.0416666666666667,0.9952386648437588
2024-05-31,11.7,-4.2,7.0,0.3,-1.4,49.5,-11.2,3.8499999999999996,2.162736361979589,10.274999999999999,1.634166454189969,-6.425000000000001,2.0059020058673807,2.4305555555555554,5.95841874730653,1.025,1.0026749936330968
2024-06-30,11.7,-5.0,6.2,0.2,-0.8,49.5,-11.2,3.563888888888888,2.509997470434471,10.238888888888887,1.6923825602264244,-6.675,2.025039682150855,2.1416666666666666,5.882437541408441,0.9972222222222222,1.0086727095151442
2024-07-31,12.0,-6.6,6.3,0.5,-0.8,49.4,-12.899999999999999,3.272222222222222,2.8637249579735795,10.172222222222222,1.8024762508617007,-6.9,2.0660521359760855,1.875,5.788825442177365,0.9722222222222222,1.0171700549244007
2024-08-31,12.2,-7.3,6.3,0.6,-1.8,49.1,-13.6,2.9527777777777775,3.2870730454842887,10.116666666666667,1.8905025786810814,-7.163888888888888,2.208057035725252,1.6027777777777779,5.6734714045086845,0.9583333333333334,1.0201890581091828
2024-09-30,11.5,-7.4,6.8,0.4,-2.8,49.8,-14.2,2.6333333333333333,3.695789109629674,10.06388888888889,1.9703738264280803,-7.430555555555555,2.3874456696219775,1.2888888888888888,5.5349682036912355,0.9527777777777777,1.0216194737799082
2024-10-31,12.8,-6.1,7.5,0.3,-2.9,50.1,-13.6,2.325,4.05028217711876,10.022222222222222,2.0238733883480244,-7.697222222222223,2.5898136845408057,0.9138888888888891,5.3327641065279625,0.9444444444444444,1.0249583808817166
2024-11-30,12.7,-3.7,7.1,0.2,-2.5,50.3,-10.8,2.077777777777778,4.285264526664863,9.988888888888889,2.05590130082404,-7.911111111111111,2.750145739283918,0.4583333333333334,4.910651687912711,0.911111111111111,1.0258871499557989
2024-12-31,13.0,-1.4,7.3,0.1,-2.3,50.1,-8.7,1.8916666666666668,4.3883205378433,9.95,2.097685799705365,-8.058333333333332,2.7592312594012562,0.030555555555555607,4.444503471830242,0.8527777777777777,1.0041303589563286
2025-01-31,17.2,0.4,7.0,0.5,-2.3,49.1,-6.6,1.7555555555555553,4.4129319339831685,9.902777777777779,2.1384221300643684,-8.147222222222222,2.7258011782762073,-0.3194444444444444,4.095071563612908,0.8138888888888888,1.005457330991441
2025-02-28,9.7,0.1,7.0,-0.7,-2.2,50.2,-6.9,1.8194444444444444,4.374982086131145,9.825,2.192503461473038,-8.005555555555555,2.66779142946202,-0.6361111111111111,3.7740582763142165,0.8027777777777776,1.0066879531019641
2025-03-31,11.5,1.6,7.0,-0.1,-2.5,50.5,-5.4,1.6916666666666664,4.355579344768225,9.76388888888889,2.2405551324587236,-8.072222222222223,2.606980860372608,-0.9416666666666667,3.416629500378568,0.7583333333333333,1.037132034575562
2025-04-30,12.0,1.5,8.0,-0.1,-2.7,49.0,-6.5,1.6055555555555554,4.324940590471884,9.68888888888889,2.2874537032351654,-8.083333333333334,2.594334486640326,-1.2416666666666667,3.0347864128186237,0.7138888888888889,1.0387225059872498
2025-05-31,12.1,2.3,7.9,-0.1,-3.3,49.5,-5.6000000000000005,1.5055555555555555,4.283252732241484,9.619444444444445,2.3000396821973244,-8.113888888888889,2.568173645417258,-1.538888888888889,2.5960715131881984,0.6527777777777778,1.0193796744270056
2025-06-30,12.0,4.6,8.3,0.1,-3.6,49.7,-3.700000000000001,1.4416666666666667,4.25282259211458,9.530555555555557,2.3030190675278086,-8.08888888888889,2.5886320466639843,-1.8083333333333331,2.2254855008032908,0.5916666666666666,0.9958126616702784
2025-07-31,11.8,5.6,8.8,0.0,-3.6,49.3,-3.200000000000001,1.4083333333333332,4.222279343807446,9.444444444444445,2.2890352858098044,-8.036111111111111,2.6592321961453025,-2.0777777777777775,1.784074167438281,0.5249999999999999,0.9433602553789081
2025-08-31,11.7,6.0,8.8,-0.4,-2.9,49.4,-2.8000000000000007,1.3777777777777775,4.186721261397168,9.355555555555556,2.2487386235010134,-7.977777777777778,2.742690140418546,-2.2944444444444443,1.4404254221671307,0.44999999999999996,0.8699753691094536
2025-09-30,11.5,7.2,8.4,-0.3,-2.3,49.8,-1.2000000000000002,1.375,4.183530634694664,9.261111111111111,2.1966569116048653,-7.886111111111112,2.8598853900889702,-2.4388888888888887,1.2086067014252893,0.36944444444444435,0.806693230574024
2025-10-31,10.6,6.2,8.2,0.2,-2.1,49.0,-1.9999999999999991,1.3972222222222221,4.213006128042162,9.158333333333333,2.1460095859191735,-7.76111111111111,3.050178240953666,-2.5277777777777777,1.0651924336169873,0.2833333333333333,0.6979562000174827
2025-11-30,10.6,4.9,8.0,0.7,-2.2,49.2,-3.0999999999999996,1.4083333333333332,4.225458554997336,9.058333333333334,2.1028382180825074,-7.6499999999999995,3.1859961438412525,-2.55,1.0470366346435418,0.23055555555555549,0.6246459314543935
2025-12-31,10.2,3.8,8.5,0.8,-1.9,50.1,-4.7,1.4166666666666667,4.232223326540609,8.936111111111112,2.0296590533919034,-7.519444444444446,3.2747361459202677,-2.575,1.0268885041716842,0.2055555555555555,0.5850247586674905
2026-01-31,2.7,4.9,9.0,0.2,-1.4,49.3,-4.1,1.4194444444444445,4.233797312406423,8.844444444444445,1.970271111793527,-7.425000000000001,3.306389917374264,-2.6083333333333334,0.9828166519898462,0.1777777777777777,0.5281293732795233
2026-02-28,14.1,5.9,9.0,1.3,-0.9,49.0,-3.0999999999999996,1.3694444444444445,4.1799398112170225,8.744444444444445,1.8626316934371847,-7.374999999999998,3.3435118406506854,-2.625,0.9559961147559809,0.12499999999999994,0.4129164564412359
2026-03-31,12.5,5.1,8.5,1.0,0.5,50.4,-3.4000000000000004,1.3722222222222225,4.183000366183612,8.636111111111113,1.7221502801153676,-7.263888888888889,3.4185337523378245,-2.611111111111111,0.9776875860278553,0.13333333333333328,0.4335896677735611
2026-04-30,12.2,5.0,8.6,1.2,2.8,50.3,-3.5999999999999996,1.3722222222222222,4.183000366183612,8.519444444444446,1.5749502385688596,-7.147222222222222,3.4778882025169042,-2.5277777777777777,1.1067613269899677,0.1416666666666666,0.44745311007330457
2026-05-31,11.9,5.5,8.6,1.2,3.9,50.0,-3.0999999999999996,1.3638888888888887,4.17524355339409,8.413888888888888,1.4279161195407455,-7.05,3.5278078988840202,-2.35,1.4037704330022727,0.17222222222222217,0.4808392134657242
2026-06-30,11.8,4.0,8.0,1.0,4.1,50.3,-4.0,1.386111111111111,4.195586305207487,8.330555555555556,1.320134072075191,-6.944444444444445,3.588747847245753,-2.113888888888889,1.6984283117513936,0.19999999999999996,0.5104619756371827
2026-07-31,11.6,4.0,7.7,0.5,3.5,49.2,-3.7,1.411111111111111,4.208751275804675,8.238888888888889,1.218729497181982,-6.8277777777777775,3.6149381430084935,-1.8500000000000003,1.8993984009981277,0.22777777777777772,0.5262324913197797
2026-08-31,11.2,4.1,7.5,0.8,3.8,49.8,-3.4000000000000004,1.4583333333333333,4.228500240713538,8.155555555555557,1.1460352635921316,-6.697222222222222,3.641309506295069,-1.6305555555555555,2.0469935367954877,0.24999999999999994,0.5201648090474938
