,date,series,value,score,method
0,2007-11-30,PPI_YoY,4.55,3.9030455633195142,zscore
1,2007-12-31,PPI_YoY,5.43,4.540802710798726,zscore
2,2008-01-31,PPI_YoY,6.07,4.095651197613903,zscore
3,2008-02-29,PPI_YoY,6.62,3.6634460408833807,zscore
4,2008-03-31,PPI_YoY,7.95,4.059892106511663,zscore
5,2008-04-30,PPI_YoY,8.12,3.2364686282025805,zscore
6,2008-05-31,PPI_YoY,8.22,2.7591846911440348,zscore
7,2008-06-30,PPI_YoY,8.84,2.7421441843993906,zscore
8,2008-07-31,PPI_YoY,10.03,2.9900664525443106,zscore
9,2008-08-31,PPI_YoY,10.06,2.5960893919139654,zscore
10,2009-01-31,PPI_YoY,-3.35,-2.856619033161522,zscore
11,2009-02-28,CPI_YoY,-1.5582,-2.587935537243188,zscore
12,2009-02-28,M2_YoY,20.48,2.6722071373058904,zscore
13,2009-02-28,PPI_YoY,-4.47,-2.9012887378912735,zscore
14,2009-03-31,M2_YoY,25.51,5.156649553979089,zscore
15,2009-03-31,PPI_YoY,-5.99,-3.0129909829800274,zscore
16,2009-04-30,M2_YoY,25.95,3.0924471805108276,zscore
17,2009-04-30,PPI_YoY,-6.6,-2.7981220637409985,zscore
18,2009-05-31,PPI_YoY,-7.2,-2.631176052250656,zscore
19,2009-06-30,M2_YoY,28.46,2.6597870760911304,zscore
20,2010-01-31,M1_M2_scissors,12.98,3.2640638767294106,zscore
21,2015-01-31,M1_M2_scissors,-0.200000000000001,2.9796313814492077,zscore
22,2015-01-31,M2_YoY,10.8,-2.8218058886475608,zscore
23,2015-01-31,PPI_YoY,-4.3202,-2.6602224918815858,zscore
24,2015-02-28,PPI_YoY,-4.7976,-3.078746009489716,zscore
25,2015-03-31,PPI_YoY,-4.5603,-2.5350743354567267,zscore
26,2015-04-30,M2_YoY,10.1,-2.9492731019362637,zscore
27,2015-08-31,PPI_YoY,-5.9227,-2.6734182822744024,zscore
28,2015-10-31,M1_M2_scissors,0.5,2.7362054148732367,zscore
29,2015-11-30,M1_M2_scissors,2.0,2.989695145666909,zscore
30,2015-12-31,M1_M2_scissors,1.8999999999999984,2.576170688746729,zscore
31,2016-01-31,M1_M2_scissors,4.600000000000001,3.154247772156986,zscore
32,2016-01-31,M1_YoY,18.6,2.775195505821523,zscore
33,2016-02-29,M1_M2_scissors,4.099999999999998,2.6737882840570344,zscore
34,2016-03-31,M1_M2_scissors,8.700000000000001,3.5795265677424917,zscore
35,2016-03-31,M1_YoY,22.1,3.1964858298106895,zscore
36,2016-04-30,M1_M2_scissors,10.099999999999998,3.312488774670134,zscore
37,2016-04-30,M1_YoY,22.9,2.9453121147796546,zscore
38,2016-05-31,M1_M2_scissors,11.9,3.176555018746954,zscore
39,2016-05-31,M1_YoY,23.7,2.7468835606591764,zscore
40,2016-06-30,M1_M2_scissors,12.8,2.885391731084945,zscore
41,2016-06-30,M1_YoY,24.6,2.59562439464443,zscore
42,2016-07-31,M1_M2_scissors,15.2,2.902949282655175,zscore
43,2016-07-31,M2_YoY,10.2,-2.503737261856362,zscore
44,2016-11-30,PPI_YoY,3.3,3.2911994832501286,zscore
45,2016-12-31,PPI_YoY,5.5,3.8408877517703495,zscore
46,2017-01-31,PPI_YoY,6.9,3.7107780381716156,zscore
47,2017-02-28,PPI_YoY,7.8,3.3754345185257266,zscore
48,2017-03-31,PPI_YoY,7.6,2.80768696428335,zscore
49,2018-02-28,CPI_YoY,2.9,3.0339897603756314,zscore
50,2019-10-31,CPI_YoY,3.8,3.242041497425934,zscore
51,2019-11-30,CPI_YoY,4.5,3.896184996592394,zscore
52,2019-12-31,CPI_YoY,4.5,3.1877861346235288,zscore
53,2020-01-31,CPI_YoY,5.4,3.8031936226407046,zscore
54,2020-02-29,CPI_YoY,5.2,2.9331368120574015,zscore
55,2020-03-31,M2_YoY,10.1,3.19560930397521,zscore
56,2020-04-30,M2_YoY,11.1,5.271540589488026,zscore
57,2020-05-31,M2_YoY,11.1,4.131217632345925,zscore
58,2020-06-30,M2_YoY,11.1,3.3489894424477327,zscore
59,2020-11-30,CPI_YoY,-0.5,-2.911374322548685,zscore
60,2021-01-31,M1_M2_scissors,5.299999999999999,3.450046928392504,zscore
61,2021-01-31,M1_YoY,14.7,3.1554024059741783,zscore
62,2021-04-30,PPI_YoY,6.8,2.686990918562911,zscore
63,2021-05-31,PPI_YoY,9.0,3.3095358800148222,zscore
64,2021-06-30,PPI_YoY,8.8,2.841037193466347,zscore
65,2021-07-31,PPI_YoY,9.0,2.6530189856971904,zscore
66,2021-08-31,PPI_YoY,9.5,2.580795781107131,zscore
67,2021-09-30,PPI_YoY,10.7,2.6843836899640685,zscore
68,2021-10-31,PPI_YoY,13.5,3.1207711111145615,zscore
69,2021-11-30,PPI_YoY,12.9,2.5767547794756336,zscore
70,2022-01-31,M1_M2_scissors,-11.7,-3.3245639218131893,zscore
71,2024-04-30,M1_YoY,-1.4,-2.7299164832456495,zscore
72,2024-05-31,M1_YoY,-4.2,-3.722136521823538,zscore
73,2024-06-30,M1_YoY,-5.0,-3.4119113623674333,zscore
74,2024-07-31,M1_M2_scissors,-12.9,-2.904089347757607,zscore
75,2024-07-31,M1_YoY,-6.6,-3.447336028110735,zscore
76,2024-08-31,M1_M2_scissors,-13.6,-2.914830100390557,zscore
77,2024-08-31,M1_YoY,-7.3,-3.119120760599715,zscore
78,2024-09-30,M1_M2_scissors,-14.2,-2.835433924457139,zscore
79,2024-09-30,M1_YoY,-7.4,-2.714801368722766,zscore
80,2026-02-28,CPI_YoY,1.3,2.845611943216944,zscore
81,2026-03-31,PPI_YoY,0.5,3.182111704773628,zscore
82,2026-04-30,PPI_YoY,2.8,4.813845268941233,zscore
83,2026-05-31,PPI_YoY,3.9,4.452294943007879,zscore
84,2026-06-30,PPI_YoY,4.1,3.6586112265646467,zscore
85,2026-07-31,PPI_YoY,3.5,2.816681322459044,zscore
86,2026-08-31,PPI_YoY,3.8,2.652942209117543,zscore
