,date,series,value,score,method,M1_YoY,M2_YoY,M1_M2_scissors,PPI_YoY,CPI_YoY,n_methods
0,2007-11-30,PPI_YoY,4.55,3.9030455633195142,zscore,,,,,,1
1,2007-12-31,PPI_YoY,5.43,4.540802710798726,zscore,,,,,,1
2,2008-01-31,CPI_YoY,7.0781,-4.089340114577104,stl,,,,,,2
3,2008-01-31,PPI_YoY,6.07,4.095651197613903,zscore,,,,,,2
4,2008-02-29,ALL (multi-variable),,-0.017272074110578517,iforest,18.95,17.39,1.5599999999999987,6.62,8.7443,2
5,2008-02-29,PPI_YoY,6.62,3.6634460408833807,zscore,,,,,,2
6,2008-03-31,PPI_YoY,7.95,4.059892106511663,zscore,,,,,,1
7,2008-04-30,PPI_YoY,8.12,3.2364686282025805,zscore,,,,,,2
8,2008-04-30,PPI_YoY,8.12,4.4697863138183145,stl,,,,,,2
9,2008-05-31,PPI_YoY,8.22,2.7591846911440348,zscore,,,,,,2
10,2008-05-31,PPI_YoY,8.22,6.013322175018204,stl,,,,,,2
11,2008-06-30,PPI_YoY,8.84,2.7421441843993906,zscore,,,,,,2
12,2008-06-30,PPI_YoY,8.84,8.052230378957564,stl,,,,,,2
13,2008-07-31,PPI_YoY,10.03,2.9900664525443106,zscore,,,,,,2
14,2008-07-31,PPI_YoY,10.03,11.641111799129302,stl,,,,,,2
15,2008-08-31,PPI_YoY,10.06,2.5960893919139654,zscore,,,,,,2
16,2008-08-31,PPI_YoY,10.06,13.01183223213263,stl,,,,,,2
17,2008-09-30,M1_M2_scissors,-5.859999999999999,-6.231163252618701,stl,,,,,,1
18,2008-09-30,PPI_YoY,9.13,12.79691466820603,stl,,,,,,1
19,2008-10-31,M1_M2_scissors,-6.17,-9.607460221295131,stl,,,,,,1
20,2008-10-31,M1_YoY,8.85,-17.61765674261589,stl,,,,,,1
21,2008-10-31,M2_YoY,15.02,-10.286344795798426,stl,,,,,,1
22,2008-10-31,PPI_YoY,6.59,10.231515117309897,stl,,,,,,1
23,2008-11-30,M1_M2_scissors,-8.0,-14.152312293680168,stl,,,,,,1
24,2008-11-30,M1_YoY,6.8,-24.425228802562295,stl,,,,,,1
25,2008-11-30,M2_YoY,14.8,-15.240193955654563,stl,,,,,,1
26,2008-11-30,PPI_YoY,1.99,4.258733595658435,stl,,,,,,1
27,2008-12-31,M1_M2_scissors,-8.76,-14.023060931884844,stl,,,,,,1
28,2008-12-31,M1_YoY,9.06,-20.59275895778487,stl,,,,,,1
29,2008-12-31,M2_YoY,17.82,-14.069887433124537,stl,,,,,,1
30,2009-01-31,M1_M2_scissors,-12.11,-12.760387763927183,stl,,,,,,2
31,2009-01-31,M1_YoY,6.68,-20.202416715895847,stl,,,,,,2
32,2009-01-31,M2_YoY,18.79,-7.409979404623842,stl,,,,,,2
33,2009-01-31,PPI_YoY,-3.35,-2.856619033161522,zscore,,,,,,2
34,2009-02-28,ALL (multi-variable),,-0.05307745309395462,iforest,10.87,20.48,-9.61,-4.47,-1.5582,3
35,2009-02-28,CPI_YoY,-1.5582,-2.587935537243188,zscore,,,,,,3
36,2009-02-28,CPI_YoY,-1.5582,-8.800235946969028,stl,,,,,,3
37,2009-02-28,M1_M2_scissors,-9.61,-10.831026315355068,stl,,,,,,3
38,2009-02-28,M1_YoY,10.87,-15.4906562523798,stl,,,,,,3
39,2009-02-28,M2_YoY,20.48,2.6722071373058904,zscore,,,,,,3
40,2009-02-28,PPI_YoY,-4.47,-2.9012887378912735,zscore,,,,,,3
41,2009-03-31,ALL (multi-variable),,-0.06047958582921098,iforest,17.04,25.51,-8.470000000000002,-5.99,-1.1714,3
42,2009-03-31,CPI_YoY,-1.1714,-8.968623995029898,stl,,,,,,3
43,2009-03-31,M1_M2_scissors,-8.470000000000002,-9.754712240879995,stl,,,,,,3
44,2009-03-31,M1_YoY,17.04,-9.08934018088517,stl,,,,,,3
45,2009-03-31,M2_YoY,25.51,5.156649553979089,zscore,,,,,,3
46,2009-03-31,M2_YoY,25.51,13.11130182207983,stl,,,,,,3
47,2009-03-31,PPI_YoY,-5.99,-3.0129909829800274,zscore,,,,,,3
48,2009-03-31,PPI_YoY,-5.99,-5.6920446101930064,stl,,,,,,3
49,2009-04-30,CPI_YoY,-1.5,-11.829832000011566,stl,,,,,,2
50,2009-04-30,M1_M2_scissors,-8.469999999999999,-9.769408899519219,stl,,,,,,2
51,2009-04-30,M1_YoY,17.48,-9.17433970022447,stl,,,,,,2
52,2009-04-30,M2_YoY,25.95,3.0924471805108276,zscore,,,,,,2
53,2009-04-30,M2_YoY,25.95,12.96261211454357,stl,,,,,,2
54,2009-04-30,PPI_YoY,-6.6,-2.7981220637409985,zscore,,,,,,2
55,2009-04-30,PPI_YoY,-6.6,-7.545754046314069,stl,,,,,,2
56,2009-05-31,CPI_YoY,-1.3713,-11.32082121897646,stl,,,,,,2
57,2009-05-31,M1_M2_scissors,-7.049999999999997,-6.393439966696363,stl,,,,,,2
58,2009-05-31,M1_YoY,18.69,-7.764905445950882,stl,,,,,,2
59,2009-05-31,M2_YoY,25.74,10.09166166929553,stl,,,,,,2
60,2009-05-31,PPI_YoY,-7.2,-2.631176052250656,zscore,,,,,,2
61,2009-05-31,PPI_YoY,-7.2,-9.315744636528212,stl,,,,,,2
62,2009-06-30,ALL (multi-variable),,-0.04404152272310935,iforest,24.79,28.46,-3.6700000000000017,-7.8,-1.7,3
63,2009-06-30,CPI_YoY,-1.7,-11.382741214926984,stl,,,,,,3
64,2009-06-30,M2_YoY,28.46,2.6597870760911304,zscore,,,,,,3
65,2009-06-30,M2_YoY,28.46,16.727939429326376,stl,,,,,,3
66,2009-06-30,PPI_YoY,-7.8,-10.121068142216945,stl,,,,,,3
67,2009-07-31,CPI_YoY,-1.8057,-11.336221126313358,stl,,,,,,1
68,2009-07-31,M2_YoY,28.42,18.738666820735666,stl,,,,,,1
69,2009-07-31,PPI_YoY,-8.22,-9.656843486829175,stl,,,,,,1
70,2009-08-31,CPI_YoY,-1.2043,-8.25376048716547,stl,,,,,,1
71,2009-08-31,M1_YoY,27.72,4.783613642686877,stl,,,,,,1
72,2009-08-31,M2_YoY,28.53,19.400712939017932,stl,,,,,,1
73,2009-08-31,PPI_YoY,-7.86,-9.202960570902528,stl,,,,,,1
74,2009-09-30,CPI_YoY,-0.7883,-7.374873694180617,stl,,,,,,1
75,2009-09-30,M1_YoY,29.51,9.286490416449837,stl,,,,,,1
76,2009-09-30,M2_YoY,29.31,21.293166207696046,stl,,,,,,1
77,2009-09-30,PPI_YoY,-6.99,-8.512853154429154,stl,,,,,,1
78,2009-10-31,CPI_YoY,-0.53,-7.2969084146902805,stl,,,,,,1
79,2009-10-31,M2_YoY,29.42,14.695156510114852,stl,,,,,,1
80,2009-10-31,PPI_YoY,-5.85,-8.348539081768761,stl,,,,,,1
81,2009-11-30,ALL (multi-variable),,-0.056417280407083825,iforest,34.63,29.74,4.890000000000004,-2.08,0.56,2
82,2009-11-30,M2_YoY,29.74,10.942667610165268,stl,,,,,,2
83,2009-11-30,PPI_YoY,-2.08,-5.918954495558894,stl,,,,,,2
84,2009-12-31,ALL (multi-variable),,-0.07160227420705612,iforest,32.35,27.68,4.670000000000002,1.7,1.8559,1
85,2010-01-31,ALL (multi-variable),,-0.10914832159023813,iforest,38.96,25.98,12.98,4.32,1.53,3
86,2010-01-31,M1_M2_scissors,12.98,3.2640638767294106,zscore,,,,,,3
87,2010-01-31,M1_M2_scissors,12.98,14.813703214381032,stl,,,,,,3
88,2010-01-31,M1_YoY,38.96,12.58997232841813,stl,,,,,,3
89,2010-02-28,ALL (multi-variable),,-0.03546019100081155,iforest,34.99,25.52,9.470000000000002,5.39,2.6953,2
90,2010-02-28,M1_M2_scissors,9.470000000000002,9.25825932689239,stl,,,,,,2
91,2010-02-28,M1_YoY,34.99,8.636846841419318,stl,,,,,,2
92,2010-02-28,M2_YoY,25.52,5.548076248765898,stl,,,,,,2
93,2010-03-31,ALL (multi-variable),,-0.003096761944026194,iforest,29.94,22.5,7.440000000000001,5.91,2.3707,2
94,2010-03-31,M1_M2_scissors,7.440000000000001,6.8833208653245075,stl,,,,,,2
95,2010-03-31,M1_YoY,29.94,3.566710562123193,stl,,,,,,2
96,2010-04-30,M1_M2_scissors,9.77,9.517416616735245,stl,,,,,,1
97,2010-04-30,M1_YoY,31.25,6.282547185137468,stl,,,,,,1
98,2010-05-31,M1_M2_scissors,8.899999999999999,9.166334722501603,stl,,,,,,1
99,2010-05-31,M1_YoY,29.9,5.87477752135695,stl,,,,,,1
100,2010-06-30,M1_M2_scissors,6.100000000000001,7.338961407507127,stl,,,,,,1
101,2010-06-30,M2_YoY,18.5,-6.971972334846114,stl,,,,,,1
102,2010-07-31,M1_M2_scissors,5.299999999999997,5.7228473828930495,stl,,,,,,1
103,2010-07-31,M2_YoY,17.6,-5.733715328626851,stl,,,,,,1
104,2010-09-30,M1_YoY,20.9,3.6927281402198027,stl,,,,,,1
105,2010-11-30,CPI_YoY,5.1192,3.909569877362127,stl,,,,,,1
106,2011-01-31,ALL (multi-variable),,-5.293155371144387e-05,iforest,13.6,17.2,-3.6,6.6436,4.9121,1
107,2011-06-30,CPI_YoY,6.3553,5.386462881949622,stl,,,,,,1
108,2011-07-31,CPI_YoY,6.4508,5.680292838945017,stl,,,,,,1
109,2011-07-31,PPI_YoY,7.5417,5.784808032481055,stl,,,,,,1
110,2011-08-31,CPI_YoY,6.1514,5.0794159624492385,stl,,,,,,1
111,2011-08-31,PPI_YoY,7.2528,6.597832571617869,stl,,,,,,1
112,2011-09-30,CPI_YoY,6.0671,5.218236768343232,stl,,,,,,1
113,2011-09-30,M2_YoY,13.04,-5.171612494306374,stl,,,,,,1
114,2011-09-30,PPI_YoY,6.5227,6.319810337131455,stl,,,,,,1
115,2011-10-31,M2_YoY,12.9,-5.6716746525829285,stl,,,,,,1
116,2011-10-31,PPI_YoY,5.0038,4.206392528577283,stl,,,,,,1
117,2011-11-30,M2_YoY,12.7,-6.4409044084983424,stl,,,,,,1
118,2011-12-31,M2_YoY,13.6,-4.752704946629081,stl,,,,,,1
119,2012-01-31,M2_YoY,12.4,-4.385158891270414,stl,,,,,,1
120,2012-10-31,CPI_YoY,1.7,-3.8423683835519173,stl,,,,,,1
121,2013-01-31,M1_M2_scissors,-0.5999999999999996,9.250198787905266,stl,,,,,,1
122,2013-01-31,M1_YoY,15.3,10.416380240642027,stl,,,,,,1
123,2013-01-31,M2_YoY,15.9,5.963490668457708,stl,,,,,,1
124,2013-02-28,M1_YoY,9.5,4.54359432749372,stl,,,,,,1
125,2013-02-28,M2_YoY,15.2,4.846815406661961,stl,,,,,,1
126,2013-03-31,M1_M2_scissors,-3.799999999999999,4.0034348996757165,stl,,,,,,1
127,2013-03-31,M1_YoY,11.9,7.246962326606646,stl,,,,,,1
128,2013-03-31,M2_YoY,15.7,6.383986555626263,stl,,,,,,1
129,2013-04-30,M1_M2_scissors,-4.200000000000001,4.025223675471559,stl,,,,,,1
130,2013-04-30,M1_YoY,11.9,7.305271277080514,stl,,,,,,1
131,2013-04-30,M2_YoY,16.1,6.5416469165567435,stl,,,,,,1
132,2013-05-31,M1_YoY,11.3,5.855393274483291,stl,,,,,,1
133,2013-05-31,M2_YoY,15.8,4.928217016800883,stl,,,,,,1
134,2014-01-31,M1_M2_scissors,-12.0,-6.534132809516431,stl,,,,,,1
135,2014-01-31,M1_YoY,1.2,-8.235779297080871,stl,,,,,,1
136,2014-06-30,M2_YoY,14.7,5.193082213671755,stl,,,,,,1
137,2014-10-31,M1_M2_scissors,-9.4,-3.8260054181452503,stl,,,,,,1
138,2014-10-31,M1_YoY,3.2,-4.9898034324152984,stl,,,,,,1
139,2014-11-30,M1_M2_scissors,-9.1,-4.29901501682082,stl,,,,,,1
140,2014-11-30,M1_YoY,3.2,-5.104929992523685,stl,,,,,,1
141,2014-12-31,M1_M2_scissors,-9.0,-4.132359602631657,stl,,,,,,1
142,2014-12-31,M1_YoY,3.2,-4.474991671387802,stl,,,,,,1
143,2015-01-31,M1_M2_scissors,-0.200000000000001,2.9796313814492077,zscore,,,,,,2
144,2015-01-31,M1_M2_scissors,-0.200000000000001,4.064732107434387,stl,,,,,,2
145,2015-01-31,M2_YoY,10.8,-2.8218058886475608,zscore,,,,,,2
146,2015-01-31,M2_YoY,10.8,-4.626086249721001,stl,,,,,,2
147,2015-01-31,PPI_YoY,-4.3202,-2.6602224918815858,zscore,,,,,,2
148,2015-02-28,PPI_YoY,-4.7976,-3.078746009489716,zscore,,,,,,1
149,2015-03-31,M1_M2_scissors,-8.7,-4.037946766541955,stl,,,,,,2
150,2015-03-31,PPI_YoY,-4.5603,-2.5350743354567267,zscore,,,,,,2
151,2015-04-30,M2_YoY,10.1,-2.9492731019362637,zscore,,,,,,2
152,2015-04-30,M2_YoY,10.1,-6.579123407812128,stl,,,,,,2
153,2015-05-31,M2_YoY,10.8,-4.5583642419984045,stl,,,,,,1
154,2015-06-30,M1_M2_scissors,-7.500000000000001,-4.6194843816674265,stl,,,,,,1
155,2015-06-30,M1_YoY,4.3,-7.279798987929974,stl,,,,,,1
156,2015-07-31,M1_M2_scissors,-6.700000000000001,-4.505823736039008,stl,,,,,,1
157,2015-08-31,PPI_YoY,-5.9227,-2.6734182822744024,zscore,,,,,,1
158,2015-10-31,M1_M2_scissors,0.5,2.7362054148732367,zscore,,,,,,1
159,2015-11-30,M1_M2_scissors,2.0,2.989695145666909,zscore,,,,,,1
160,2015-12-31,M1_M2_scissors,1.8999999999999984,2.576170688746729,zscore,,,,,,1
161,2016-01-31,M1_M2_scissors,4.600000000000001,3.154247772156986,zscore,,,,,,1
162,2016-01-31,M1_YoY,18.6,2.775195505821523,zscore,,,,,,1
163,2016-02-29,M1_M2_scissors,4.099999999999998,2.6737882840570344,zscore,,,,,,1
164,2016-03-31,M1_M2_scissors,8.700000000000001,3.5795265677424917,zscore,,,,,,2
165,2016-03-31,M1_M2_scissors,8.700000000000001,5.454426743767968,stl,,,,,,2
166,2016-03-31,M1_YoY,22.1,3.1964858298106895,zscore,,,,,,2
167,2016-03-31,M1_YoY,22.1,7.55716833352047,stl,,,,,,2
168,2016-04-30,M1_M2_scissors,10.099999999999998,3.312488774670134,zscore,,,,,,2
169,2016-04-30,M1_M2_scissors,10.099999999999998,6.849938461897019,stl,,,,,,2
170,2016-04-30,M1_YoY,22.9,2.9453121147796546,zscore,,,,,,2
171,2016-04-30,M1_YoY,22.9,7.395919010526314,stl,,,,,,2
172,2016-05-31,M1_M2_scissors,11.9,3.176555018746954,zscore,,,,,,2
173,2016-05-31,M1_M2_scissors,11.9,8.293709056955514,stl,,,,,,2
174,2016-05-31,M1_YoY,23.7,2.7468835606591764,zscore,,,,,,2
175,2016-05-31,M1_YoY,23.7,7.900999010215293,stl,,,,,,2
176,2016-06-30,M1_M2_scissors,12.8,2.885391731084945,zscore,,,,,,2
177,2016-06-30,M1_M2_scissors,12.8,7.753243227329457,stl,,,,,,2
178,2016-06-30,M1_YoY,24.6,2.59562439464443,zscore,,,,,,2
179,2016-06-30,M1_YoY,24.6,5.203356330617829,stl,,,,,,2
180,2016-07-31,M1_M2_scissors,15.2,2.902949282655175,zscore,,,,,,2
181,2016-07-31,M1_M2_scissors,15.2,9.79774039516197,stl,,,,,,2
182,2016-07-31,M1_YoY,25.4,7.955479533846867,stl,,,,,,2
183,2016-07-31,M2_YoY,10.2,-2.503737261856362,zscore,,,,,,2
184,2016-07-31,M2_YoY,10.2,-4.713120014378528,stl,,,,,,2
185,2016-08-31,M1_M2_scissors,13.9,8.776719206679015,stl,,,,,,1
186,2016-08-31,M1_YoY,25.3,7.583433040544168,stl,,,,,,1
187,2016-09-30,M1_M2_scissors,13.2,6.818322291028249,stl,,,,,,1
188,2016-09-30,M1_YoY,24.7,5.603076009600168,stl,,,,,,1
189,2016-10-31,M1_M2_scissors,12.3,4.09016789105715,stl,,,,,,1
190,2016-11-30,PPI_YoY,3.3,3.2911994832501286,zscore,,,,,,1
191,2016-12-31,PPI_YoY,5.5,3.8408877517703495,zscore,,,,,,2
192,2016-12-31,PPI_YoY,5.5,5.963947446023635,stl,,,,,,2
193,2017-01-31,M1_M2_scissors,3.7967999999999993,-6.679521108522229,stl,,,,,,2
194,2017-01-31,M1_YoY,14.5,-7.424587129190012,stl,,,,,,2
195,2017-01-31,PPI_YoY,6.9,3.7107780381716156,zscore,,,,,,2
196,2017-01-31,PPI_YoY,6.9,7.340516453060029,stl,,,,,,2
197,2017-02-28,ALL (multi-variable),,-0.03432470410478705,iforest,21.4,10.45,10.95,7.8,0.8,3
198,2017-02-28,PPI_YoY,7.8,3.3754345185257266,zscore,,,,,,3
199,2017-02-28,PPI_YoY,7.8,7.962488379743543,stl,,,,,,3
200,2017-03-31,PPI_YoY,7.6,2.80768696428335,zscore,,,,,,2
201,2017-03-31,PPI_YoY,7.6,6.882208894309205,stl,,,,,,2
202,2017-04-30,PPI_YoY,6.4,3.988464813528265,stl,,,,,,1
203,2018-01-31,M1_M2_scissors,6.4,7.181349383277325,stl,,,,,,1
204,2018-01-31,M1_YoY,15.0,6.147899440081546,stl,,,,,,1
205,2018-02-28,CPI_YoY,2.9,3.0339897603756314,zscore,,,,,,2
206,2018-02-28,CPI_YoY,2.9,5.092652747322272,stl,,,,,,2
207,2018-11-30,M1_M2_scissors,-6.5,-3.6835789955108895,stl,,,,,,1
208,2018-12-31,M1_M2_scissors,-6.6,-3.8158141033029453,stl,,,,,,1
209,2019-10-31,CPI_YoY,3.8,3.242041497425934,zscore,,,,,,1
210,2019-11-30,CPI_YoY,4.5,3.896184996592394,zscore,,,,,,2
211,2019-11-30,CPI_YoY,4.5,4.090151959689336,stl,,,,,,2
212,2019-12-31,CPI_YoY,4.5,3.1877861346235288,zscore,,,,,,2
213,2019-12-31,CPI_YoY,4.5,6.252364338080391,stl,,,,,,2
214,2020-01-31,CPI_YoY,5.4,3.8031936226407046,zscore,,,,,,2
215,2020-01-31,CPI_YoY,5.4,10.089230926436379,stl,,,,,,2
216,2020-02-29,CPI_YoY,5.2,2.9331368120574015,zscore,,,,,,2
217,2020-02-29,CPI_YoY,5.2,9.996503493835416,stl,,,,,,2
218,2020-03-31,CPI_YoY,4.3,5.609138150547097,stl,,,,,,2
219,2020-03-31,M2_YoY,10.1,3.19560930397521,zscore,,,,,,2
220,2020-04-30,M2_YoY,11.1,5.271540589488026,zscore,,,,,,2
221,2020-04-30,PPI_YoY,-3.1,-4.876312000731013,stl,,,,,,2
222,2020-05-31,M2_YoY,11.1,4.131217632345925,zscore,,,,,,2
223,2020-05-31,PPI_YoY,-3.7,-4.834635893760187,stl,,,,,,2
224,2020-06-30,M2_YoY,11.1,3.3489894424477327,zscore,,,,,,2
225,2020-06-30,PPI_YoY,-3.0,-5.390083253662972,stl,,,,,,2
226,2020-10-31,CPI_YoY,0.5,-4.8195421775369125,stl,,,,,,1
227,2020-10-31,M1_YoY,9.1,3.2154984458827887,stl,,,,,,1
228,2020-11-30,CPI_YoY,-0.5,-2.911374322548685,zscore,,,,,,2
229,2020-11-30,CPI_YoY,-0.5,-6.870709613171987,stl,,,,,,2
230,2020-11-30,M1_YoY,10.0,4.708239092676489,stl,,,,,,2
231,2021-01-31,M1_M2_scissors,5.299999999999999,3.450046928392504,zscore,,,,,,2
232,2021-01-31,M1_M2_scissors,5.299999999999999,11.16034758169431,stl,,,,,,2
233,2021-01-31,M1_YoY,14.7,3.1554024059741783,zscore,,,,,,2
234,2021-01-31,M1_YoY,14.7,10.830543437362659,stl,,,,,,2
235,2021-04-30,M2_YoY,8.1,-4.9995606663985095,stl,,,,,,2
236,2021-04-30,PPI_YoY,6.8,2.686990918562911,zscore,,,,,,2
237,2021-05-31,M2_YoY,8.3,-4.230523122421431,stl,,,,,,2
238,2021-05-31,PPI_YoY,9.0,3.3095358800148222,zscore,,,,,,2
239,2021-05-31,PPI_YoY,9.0,4.58456196702355,stl,,,,,,2
240,2021-06-30,PPI_YoY,8.8,2.841037193466347,zscore,,,,,,1
241,2021-07-31,PPI_YoY,9.0,2.6530189856971904,zscore,,,,,,2
242,2021-07-31,PPI_YoY,9.0,5.02526173051029,stl,,,,,,2
243,2021-08-31,PPI_YoY,9.5,2.580795781107131,zscore,,,,,,2
244,2021-08-31,PPI_YoY,9.5,6.410235596850563,stl,,,,,,2
245,2021-09-30,PPI_YoY,10.7,2.6843836899640685,zscore,,,,,,2
246,2021-09-30,PPI_YoY,10.7,7.980170252538701,stl,,,,,,2
247,2021-10-31,PPI_YoY,13.5,3.1207711111145615,zscore,,,,,,2
248,2021-10-31,PPI_YoY,13.5,12.11019179928806,stl,,,,,,2
249,2021-11-30,PPI_YoY,12.9,2.5767547794756336,zscore,,,,,,2
250,2021-11-30,PPI_YoY,12.9,10.509125668972864,stl,,,,,,2
251,2021-12-31,PPI_YoY,10.3,5.517152803170969,stl,,,,,,1
252,2022-01-31,ALL (multi-variable),,-0.033397065949576255,iforest,-1.9,9.8,-11.7,9.1,0.9,3
253,2022-01-31,M1_M2_scissors,-11.7,-3.3245639218131893,zscore,,,,,,3
254,2022-01-31,M1_M2_scissors,-11.7,-6.86681426095145,stl,,,,,,3
255,2022-01-31,M1_YoY,-1.9,-6.376706281364202,stl,,,,,,3
256,2022-07-31,M2_YoY,12.0,3.090634088878453,stl,,,,,,1
257,2022-08-31,M2_YoY,12.2,3.418449899694266,stl,,,,,,1
258,2022-09-30,CPI_YoY,2.8,3.547104573290009,stl,,,,,,1
259,2023-01-31,CPI_YoY,2.1,4.719415761497949,stl,,,,,,1
260,2023-02-28,M2_YoY,12.9,4.060866527158702,stl,,,,,,1
261,2023-03-31,M2_YoY,12.7,3.793709951243485,stl,,,,,,1
262,2023-04-30,PPI_YoY,-3.6,-4.599238442757176,stl,,,,,,1
263,2023-05-31,PPI_YoY,-4.6,-5.7680862216188675,stl,,,,,,1
264,2023-06-30,PPI_YoY,-5.4,-7.509314444265863,stl,,,,,,1
265,2023-07-31,PPI_YoY,-4.4,-5.030247929791474,stl,,,,,,1
266,2024-01-31,M1_M2_scissors,-2.799999999999999,5.188475439708317,stl,,,,,,1
267,2024-01-31,M1_YoY,5.9,4.230059744231823,stl,,,,,,1
268,2024-04-30,M1_YoY,-1.4,-2.7299164832456495,zscore,,,,,,2
269,2024-04-30,M2_YoY,7.2,-4.124347181564523,stl,,,,,,2
270,2024-05-31,M1_M2_scissors,-11.2,-3.9942552283216797,stl,,,,,,2
271,2024-05-31,M1_YoY,-4.2,-3.722136521823538,zscore,,,,,,2
272,2024-05-31,M1_YoY,-4.2,-5.063111160136644,stl,,,,,,2
273,2024-05-31,M2_YoY,7.0,-3.480580119389658,stl,,,,,,2
274,2024-06-30,M1_M2_scissors,-11.2,-4.143260679352904,stl,,,,,,2
275,2024-06-30,M1_YoY,-5.0,-3.4119113623674333,zscore,,,,,,2
276,2024-06-30,M1_YoY,-5.0,-4.933917309636525,stl,,,,,,2
277,2024-06-30,M2_YoY,6.2,-4.774828706050622,stl,,,,,,2
278,2024-07-31,M1_M2_scissors,-12.9,-2.904089347757607,zscore,,,,,,2
279,2024-07-31,M1_M2_scissors,-12.9,-6.3760751428440745,stl,,,,,,2
280,2024-07-31,M1_YoY,-6.6,-3.447336028110735,zscore,,,,,,2
281,2024-07-31,M1_YoY,-6.6,-6.1969482733872345,stl,,,,,,2
282,2024-08-31,M1_M2_scissors,-13.6,-2.914830100390557,zscore,,,,,,2
283,2024-08-31,M1_M2_scissors,-13.6,-7.282841744831616,stl,,,,,,2
284,2024-08-31,M1_YoY,-7.3,-3.119120760599715,zscore,,,,,,2
285,2024-08-31,M1_YoY,-7.3,-6.829487721819291,stl,,,,,,2
286,2024-09-30,M1_M2_scissors,-14.2,-2.835433924457139,zscore,,,,,,2
287,2024-09-30,M1_M2_scissors,-14.2,-9.753225768821073,stl,,,,,,2
288,2024-09-30,M1_YoY,-7.4,-2.714801368722766,zscore,,,,,,2
289,2024-09-30,M1_YoY,-7.4,-10.430432813111752,stl,,,,,,2
290,2024-10-31,M1_M2_scissors,-13.6,-8.496203424320733,stl,,,,,,1
291,2024-10-31,M1_YoY,-6.1,-8.138708287812012,stl,,,,,,1
292,2024-11-30,M1_M2_scissors,-10.8,-4.3498583147865295,stl,,,,,,1
293,2024-11-30,M1_YoY,-3.7,-4.386826278714334,stl,,,,,,1
294,2025-02-28,CPI_YoY,-0.7,-3.9271355587582337,stl,,,,,,1
295,2025-05-31,PPI_YoY,-3.3,-4.52171278156765,stl,,,,,,1
296,2025-06-30,M1_YoY,4.6,3.7563470369803156,stl,,,,,,1
297,2025-06-30,PPI_YoY,-3.6,-5.235353007000134,stl,,,,,,1
298,2025-07-31,M1_YoY,5.6,4.902430673884473,stl,,,,,,1
299,2025-07-31,M2_YoY,8.8,4.667751123330362,stl,,,,,,1
300,2025-07-31,PPI_YoY,-3.6,-4.530816007731275,stl,,,,,,1
301,2025-08-31,M1_YoY,6.0,5.0035547374765965,stl,,,,,,1
302,2025-08-31,M2_YoY,8.8,4.7380890700550635,stl,,,,,,1
303,2026-02-28,CPI_YoY,1.3,2.845611943216944,zscore,,,,,,1
304,2026-03-31,PPI_YoY,0.5,3.182111704773628,zscore,,,,,,1
305,2026-04-30,PPI_YoY,2.8,4.813845268941233,zscore,,,,,,1
306,2026-05-31,PPI_YoY,3.9,4.452294943007879,zscore,,,,,,1
307,2026-06-30,PPI_YoY,4.1,3.6586112265646467,zscore,,,,,,1
308,2026-07-31,PPI_YoY,3.5,2.816681322459044,zscore,,,,,,1
309,2026-08-31,PPI_YoY,3.8,2.652942209117543,zscore,,,,,,1
