,M0_YoY,M1_YoY,M2_YoY,CPI_YoY,PPI_YoY,PMI
2006-01-31,,,,,3.05,
2006-02-28,,,,,3.01,
2006-03-31,,,,,2.49,
2006-04-30,,,,,1.87,
2006-05-31,,,,,2.43,
2006-06-30,,,,,3.52,
2006-07-31,,,,,3.58,
2006-08-31,,,,,3.4,
2006-09-30,,,,,3.45,
2006-10-31,,,,,2.9,
2006-11-30,,,,,2.78,
2006-12-31,,,,,3.05,
2007-01-31,,,,,3.3,
2007-02-28,,,,,2.6,
2007-03-31,,,,,2.65,
2007-04-30,,,,,2.87,
2007-05-31,,,,,2.76,
2007-06-30,,,,,2.49,
2007-07-31,,,,,2.39,
2007-08-31,,,,,2.56,
2007-09-30,,,,,2.71,
2007-10-31,,,,,3.21,
2007-11-30,,,,,4.55,
2007-12-31,,,,,5.43,
2008-01-31,31.21,20.54,18.88,7.0781,6.07,53.0
2008-02-29,5.96,18.95,17.39,8.7443,6.62,53.4
2008-03-31,11.12,17.97,16.19,8.3097,7.95,58.4
2008-04-30,10.7,19.05,16.94,8.4829,8.12,59.2
2008-05-31,12.88,17.93,18.07,7.7163,8.22,53.3
2008-06-30,12.28,14.19,17.37,7.0844,8.84,52.0
2008-07-31,12.3,13.96,16.35,6.302,10.03,48.4
2008-08-31,10.89,11.48,16.0,4.9001,10.06,48.4
2008-09-30,9.28,9.43,15.29,4.6425,9.13,51.2
2008-10-31,10.59,8.85,15.02,3.9744,6.59,44.6
2008-11-30,9.04,6.8,14.8,2.434,1.99,38.8
2008-12-31,12.65,9.06,17.82,1.1999,-1.14,41.2
2009-01-31,12.02,6.68,18.79,0.95,-3.35,45.3
2009-02-28,8.28,10.87,20.48,-1.5582,-4.47,49.0
2009-03-31,10.88,17.04,25.51,-1.1714,-5.99,52.4
2009-04-30,11.26,17.48,25.95,-1.5,-6.6,53.5
2009-05-31,11.24,18.69,25.74,-1.3713,-7.2,53.1
2009-06-30,11.46,24.79,28.46,-1.7,-7.8,53.2
2009-07-31,11.59,26.37,28.42,-1.8057,-8.22,53.3
2009-08-31,11.52,27.72,28.53,-1.2043,-7.86,54.0
2009-09-30,15.96,29.51,29.31,-0.7883,-6.99,54.3
2009-10-31,14.09,32.03,29.42,-0.53,-5.85,55.2
2009-11-30,14.99,34.63,29.74,0.56,-2.08,55.2
2009-12-31,11.77,32.35,27.68,1.8559,1.7,56.6
2010-01-31,-0.79,38.96,25.98,1.53,4.32,55.8
2010-02-28,21.98,34.99,25.52,2.6953,5.39,52.0
2010-03-31,15.81,29.94,22.5,2.3707,5.91,55.1
2010-04-30,15.76,31.25,21.48,2.8136,6.81,55.7
2010-05-31,15.2,29.9,21.0,3.0613,7.13,53.9
2010-06-30,15.7,24.6,18.5,2.9499,6.41,52.1
2010-07-31,15.5,22.9,17.6,3.3042,4.84,51.2
2010-08-31,16.0,21.9,19.2,3.4794,4.32,51.7
2010-09-30,13.8,20.9,19.0,3.6056,4.33,53.8
2010-10-31,16.6,22.1,19.3,4.3655,5.04,54.7
2010-11-30,16.3,22.1,19.5,5.1192,6.06,55.2
2010-12-31,16.7,21.2,19.7,4.5859,5.93,53.9
2011-01-31,42.5,13.6,17.2,4.9121,6.6436,52.9
2011-02-28,10.3,14.5,15.7,4.9443,7.2322,52.2
2011-03-31,14.8,15.0,16.6,5.383,7.3081,53.4
2011-04-30,14.7,12.9,15.3,5.3442,6.821,52.9
2011-05-31,15.4,12.7,15.1,5.5146,6.7851,52.0
2011-06-30,14.4,13.1,15.9,6.3553,7.1209,50.9
2011-07-31,14.3,11.6,14.7,6.4508,7.5417,50.7
2011-08-31,14.7,11.2,13.5,6.1514,7.2528,50.9
2011-09-30,12.68,8.85,13.04,6.0671,6.5227,51.2
2011-10-31,11.9,8.4,12.9,5.4954,5.0038,50.4
2011-11-30,12.0,7.8,12.7,4.2246,2.7179,49.0
2011-12-31,13.8,7.9,13.6,4.0704,1.6854,50.3
2012-01-31,3.0,3.1,12.4,4.5485,0.7347,50.5
2012-02-29,8.8,4.3,13.0,3.1613,0.0284,51.0
2012-03-31,10.6,4.4,13.4,3.5856,-0.3171,53.1
2012-04-30,10.4,3.1,12.8,3.3653,-0.6984,53.3
2012-05-31,10.0,3.5,13.2,3.0008,-1.3981,50.4
2012-06-30,10.8,4.7,13.6,2.1504,-2.0843,50.2
2012-07-31,10.0,4.6,13.9,1.8,-2.8651,50.1
2012-08-31,9.7,4.5,13.5,2.0,-3.4784,49.2
2012-09-30,13.3,7.3,14.8,1.9,-3.5545,49.8
2012-10-31,10.5,6.1,14.1,1.7,-2.7558,50.2
2012-11-30,10.7,5.5,13.9,2.0,-2.1995,50.6
2012-12-31,7.7,6.5,13.8,2.5,-1.9397,50.6
2013-01-31,4.4,15.3,15.9,2.0,-1.6372,50.4
2013-02-28,17.2,9.5,15.2,3.2,-1.6254,50.1
2013-03-31,12.4,11.9,15.7,2.1,-1.919,50.9
2013-04-30,10.8,11.9,16.1,2.4,-2.6175,50.6
2013-05-31,10.8,11.3,15.8,2.0981,-2.8658,50.8
2013-06-30,9.9,9.1,14.0,2.7,-2.6965,50.1
2013-07-31,9.5,9.7,14.5,2.7,-2.2712,50.3
2013-08-31,9.3,9.9,14.7,2.6,-1.625,51.0
2013-09-30,5.7,8.9,14.2,3.1,-1.3439,51.1
2013-10-31,8.0,8.9,14.3,3.2,-1.5071,51.4
2013-11-30,7.7,9.4,14.2,3.0,-1.4242,51.4
2013-12-31,7.1,9.3,13.6,2.49871692,-1.3557,51.0
2014-01-31,22.5,1.2,13.2,2.5,-1.6394,50.5
2014-02-28,3.3,6.9,13.3,2.0,-2.0182,50.2
2014-03-31,5.2,5.4,12.1,2.4,-2.3022,50.3
2014-04-30,5.4,5.5,13.2,1.80138144,-2.0042,50.4
2014-05-31,6.7,5.7,13.4,2.5,-1.4464,50.8
2014-06-30,5.3,8.9,14.7,2.3,-1.1086,51.0
2014-07-31,5.4,6.7,13.5,2.3,-0.8688,51.7
2014-08-31,5.6,5.7,12.8,2.0,-1.2038,51.1
2014-09-30,4.2,4.8,12.9,1.6,-1.7996,51.1
2014-10-31,3.8,3.2,12.6,1.60114868,-2.2428,50.8
2014-11-30,3.5,3.2,12.3,1.4,-2.6928,50.3
2014-12-31,2.9,3.2,12.2,1.5,-3.3152,50.1
2015-01-31,-17.6,10.6,10.8,0.8,-4.3202,49.8
2015-02-28,17.0,5.6,12.5,1.4,-4.7976,49.9
2015-03-31,6.2,2.9,11.6,1.4,-4.5603,50.1
2015-04-30,3.7,3.7,10.1,1.5,-4.5725,50.1
2015-05-31,1.8,4.7,10.8,1.2,-4.607,50.2
2015-06-30,2.9,4.3,11.8,1.4,-4.8135,50.2
2015-07-31,2.9,6.6,13.3,1.6,-5.3692,50.0
2015-08-31,1.8,9.3,13.3,2.0,-5.9227,49.7
2015-09-30,3.7,11.4,13.1,1.59560463,-5.945,49.8
2015-10-31,3.8,14.0,13.5,1.3,-5.9,49.8
2015-11-30,3.2,15.7,13.7,1.5,-5.9,49.6
2015-12-31,4.9,15.2,13.3,1.6,-5.9,49.7
2016-01-31,15.1,18.6,14.0,1.8,-5.3,49.4
2016-02-29,-4.8,17.4,13.3,2.3,-4.9,49.0
2016-03-31,4.4,22.1,13.4,2.3,-4.3,50.2
2016-04-30,6.0,22.9,12.8,2.3,-3.4,50.1
2016-05-31,6.3,23.7,11.8,2.0,-2.8,50.1
2016-06-30,7.2,24.6,11.8,1.9,-2.6,50.0
2016-07-31,7.2,25.4,10.2,1.8,-1.7,49.9
2016-08-31,7.4,25.3,11.4,1.3,-0.8,50.4
2016-09-30,6.6,24.7,11.5,1.9,0.1,50.4
2016-10-31,7.2,23.9,11.6,2.1,1.2,51.2
2016-11-30,7.6,22.7,11.4,2.3,3.3,51.7
2016-12-31,8.1,21.4,11.3,2.1,5.5,51.4
2017-01-31,19.4,14.5,10.7032,2.5,6.9,51.3
2017-02-28,3.3,21.4,10.45,0.8,7.8,51.6
2017-03-31,6.1,18.8,10.1178,0.9,7.6,51.8
2017-04-30,6.2,18.5,9.8426,1.2,6.4,51.2
2017-05-31,7.3,17.0,9.1289,1.5,5.5,51.2
2017-06-30,6.6,15.0,9.1013,1.5,5.5,51.7
2017-07-31,6.1,15.3,8.89,1.4,5.5,51.4
2017-08-31,6.5,14.0,8.5633,1.8,6.3,51.7
2017-09-30,7.2,14.0,8.976,1.6,6.9,52.4
2017-10-31,6.3,13.0,8.8771,1.9,6.9,51.6
2017-11-30,5.7,12.7,9.1148,1.7,5.8,51.8
2017-12-31,3.4,11.8,8.0654,1.8,4.9,51.6
2018-01-31,-13.8,15.0,8.6,1.5,4.3,51.3
2018-02-28,13.5,8.5,8.8,2.9,3.7,50.3
2018-03-31,6.0,7.1,8.2,2.1,3.1,51.5
2018-04-30,4.5,7.2,8.3,1.8,3.4,51.4
2018-05-31,3.6,6.0,8.3,1.8,4.1,51.9
2018-06-30,3.9,6.6,8.0,1.9,4.7,51.5
2018-07-31,3.6,5.1,8.5,2.1,4.6,51.2
2018-08-31,3.3,3.9,8.2,2.3,4.1,51.3
2018-09-30,2.2,4.0,8.3,2.5,3.6,50.8
2018-10-31,2.8,2.7,8.0,2.5,3.3,50.2
2018-11-30,2.8,1.5,8.0,2.2,2.7,50.0
2018-12-31,3.6,1.5,8.1,1.9,0.9,49.4
2019-01-31,17.2,0.4,8.4,1.7,0.1,49.5
2019-02-28,-2.4,1.6,8.0,1.5,0.1,49.2
2019-03-31,3.1,4.6,8.6,2.3,0.4,50.5
2019-04-30,3.5,2.9,8.5,2.5,0.9,50.1
2019-05-31,4.3,3.4,8.5,2.7,0.6,49.4
2019-06-30,4.3,4.4,8.5,2.7,0.0,49.4
2019-07-31,4.5,3.1,8.1,2.8,-0.3,49.7
2019-08-31,4.8,3.4,8.2,2.8,-0.8,49.5
2019-09-30,4.0,3.4,8.4,3.0,-1.2,49.8
2019-10-31,4.7,3.3,8.4,3.8,-1.6,49.3
2019-11-30,4.8,3.5,8.2,4.5,-1.4,50.2
2019-12-31,5.4,4.4,8.7,4.5,-0.5,50.2
2020-01-31,6.6,0.0,8.4,5.4,0.1,50.0
2020-02-29,10.9,4.8,8.8,5.2,-0.4,35.7
2020-03-31,10.8,5.0,10.1,4.3,-1.5,52.0
2020-04-30,10.2,5.5,11.1,3.3,-3.1,50.8
2020-05-31,9.5,6.8,11.1,2.4,-3.7,50.6
2020-06-30,9.5,6.5,11.1,2.5,-3.0,50.9
2020-07-31,9.9,6.9,10.7,2.7,-2.4,51.1
2020-08-31,9.4,8.0,10.4,2.4,-2.0,51.0
2020-09-30,11.1,8.1,10.9,1.7,-2.1,51.5
2020-10-31,10.4,9.1,10.5,0.5,-2.1,51.4
2020-11-30,10.3,10.0,10.7,-0.5,-1.5,52.1
2020-12-31,9.2,8.6,10.1,0.2,-0.4,51.9
2021-01-31,-3.9,14.7,9.4,-0.3,0.3,51.3
2021-02-28,4.2,7.4,10.1,-0.2,1.7,50.6
2021-03-31,4.2,7.1,9.4,0.4,4.4,51.9
2021-04-30,5.3,6.2,8.1,0.9,6.8,51.1
2021-05-31,5.6,6.1,8.3,1.3,9.0,51.0
2021-06-30,6.2,5.5,8.6,1.1,8.8,50.9
2021-07-31,6.1,4.9,8.3,1.0,9.0,50.4
2021-08-31,6.3,4.2,8.2,0.8,9.5,50.1
2021-09-30,5.5,3.7,8.3,0.7,10.7,49.6
2021-10-31,6.2,2.8,8.7,1.5,13.5,49.2
2021-11-30,7.2,3.0,8.5,2.3,12.9,50.1
2021-12-31,7.7,3.5,9.0,1.5,10.3,50.3
2022-01-31,18.5,-1.9,9.8,0.9,9.1,50.1
2022-02-28,5.8,4.7,9.2,0.9,8.8,50.2
2022-03-31,10.0,4.7,9.7,1.5,8.3,49.5
2022-04-30,11.5,5.1,10.5,2.1,8.0,47.4
2022-05-31,13.5,4.6,11.1,2.1,6.4,49.6
2022-06-30,13.9,5.8,11.4,2.5,6.1,50.2
2022-07-31,13.9,6.7,12.0,2.7,4.2,49.0
2022-08-31,14.3,6.1,12.2,2.5,2.3,49.4
2022-09-30,13.6,6.4,12.1,2.8,0.9,50.1
2022-10-31,14.4,5.8,11.8,2.1,-1.3,49.2
2022-11-30,14.1,4.6,12.4,1.6,-1.3,48.0
2022-12-31,15.3,3.7,11.8,1.8,-0.7,47.0
2023-01-31,7.9,6.7,12.6,2.1,-0.8,50.1
2023-02-28,10.6,5.8,12.9,1.0,-1.4,52.6
2023-03-31,11.0,5.1,12.7,0.7,-2.5,51.9
2023-04-30,10.7,5.3,12.4,0.1,-3.6,49.2
2023-05-31,9.6,4.7,11.6,0.2,-4.6,48.8
2023-06-30,9.8,3.1,11.3,0.0,-5.4,49.0
2023-07-31,9.9,2.3,10.7,-0.3,-4.4,49.3
2023-08-31,9.5,2.2,10.6,0.1,-3.0,49.7
2023-09-30,10.7,2.1,10.3,0.0,-2.5,50.2
2023-10-31,10.2,1.9,10.3,-0.2,-2.6,49.5
2023-11-30,10.4,1.3,10.0,-0.5,-3.0,49.4
2023-12-31,8.3,1.3,9.7,-0.3,-2.7,49.0
2024-01-31,5.9,5.9,8.7,-0.8,-2.5,49.2
2024-02-29,12.5,1.2,8.7,0.7,-2.7,49.1
2024-03-31,11.0,1.1,8.3,0.1,-2.8,50.8
2024-04-30,10.8,-1.4,7.2,0.3,-2.5,50.4
2024-05-31,11.7,-4.2,7.0,0.3,-1.4,49.5
2024-06-30,11.7,-5.0,6.2,0.2,-0.8,49.5
2024-07-31,12.0,-6.6,6.3,0.5,-0.8,49.4
2024-08-31,12.2,-7.3,6.3,0.6,-1.8,49.1
2024-09-30,11.5,-7.4,6.8,0.4,-2.8,49.8
2024-10-31,12.8,-6.1,7.5,0.3,-2.9,50.1
2024-11-30,12.7,-3.7,7.1,0.2,-2.5,50.3
2024-12-31,13.0,-1.4,7.3,0.1,-2.3,50.1
2025-01-31,17.2,0.4,7.0,0.5,-2.3,49.1
2025-02-28,9.7,0.1,7.0,-0.7,-2.2,50.2
2025-03-31,11.5,1.6,7.0,-0.1,-2.5,50.5
2025-04-30,12.0,1.5,8.0,-0.1,-2.7,49.0
2025-05-31,12.1,2.3,7.9,-0.1,-3.3,49.5
2025-06-30,12.0,4.6,8.3,0.1,-3.6,49.7
2025-07-31,11.8,5.6,8.8,0.0,-3.6,49.3
2025-08-31,11.7,6.0,8.8,-0.4,-2.9,49.4
2025-09-30,11.5,7.2,8.4,-0.3,-2.3,49.8
2025-10-31,10.6,6.2,8.2,0.2,-2.1,49.0
2025-11-30,10.6,4.9,8.0,0.7,-2.2,49.2
2025-12-31,10.2,3.8,8.5,0.8,-1.9,50.1
2026-01-31,2.7,4.9,9.0,0.2,-1.4,49.3
2026-02-28,14.1,5.9,9.0,1.3,-0.9,49.0
2026-03-31,12.5,5.1,8.5,1.0,0.5,50.4
2026-04-30,12.2,5.0,8.6,1.2,2.8,50.3
2026-05-31,11.9,5.5,8.6,1.2,3.9,50.0
2026-06-30,11.8,4.0,8.0,1.0,4.1,50.3
2026-07-31,11.6,4.0,7.7,0.5,3.5,49.2
2026-08-31,11.2,4.1,7.5,0.8,3.8,49.8
